"Number.People","Ward","Division","House.Number","Street.Name","Address.Line.2"
856,27,22,3700,"SPRUCE ST","U OF P ASHURST"
798,27,22,3650,"SPRUCE ST",""
236,8,14,1512,"SPRUCE ST","DRAKE HOTEL"
199,5,9,1326,"SPRUCE ST","CENTER CITY ONE"
184,27,20,3909,"SPRUCE ST","U OF P VANPELT LRS"
162,8,14,1520,"SPRUCE ST","TOURAINE APTS"
144,27,22,3702,"SPRUCE ST",""
139,27,21,3817,"SPRUCE ST","U OF P MAYER"
107,5,14,1228,"SPRUCE ST","WELLINGTON SPRUCE APTS"
88,5,18,130,"SPRUCE ST","PENNS LANDING CONDO"
65,5,9,1327,"SPRUCE ST","MILESTONE APTS"
60,8,1,2220,"SPRUCE ST","SPRUCE ST APT 2220"
59,27,10,4418,"SPRUCE ST","CONCORD HALL"
50,60,8,4931,"SPRUCE ST",""
49,27,14,4301,"SPRUCE ST","CASTLE HILL APTS"
48,5,9,1321,"SPRUCE ST","BURLINGTON HOUSE APTS"
47,8,14,1530,"SPRUCE ST","NEWPORT APTS"
47,60,8,4935,"SPRUCE ST",""
46,46,23,4529,"SPRUCE ST","SPRUCE MANOR"
41,27,10,4400,"SPRUCE ST","SPRUCE HILL COURT"
38,27,9,4044,"SPRUCE ST",""
32,27,22,3720,"SPRUCE ST",""
31,8,5,1527,"SPRUCE ST","NASH APTS"
31,27,8,3916,"SPRUCE ST",""
31,27,1,4101,"SPRUCE ST","BERKSHIRE APTS"
31,60,8,4901,"SPRUCE ST","SHELDRAKE APTS"
30,5,7,1100,"SPRUCE ST",""
30,27,23,4300,"SPRUCE ST","CAMPUS APTS 4300"
28,27,9,4112,"SPRUCE ST",""
27,5,7,1122,"SPRUCE ST",""
27,27,14,4311,"SPRUCE ST","BLENHEIM APTS"
26,5,6,1035,"SPRUCE ST",""
26,27,8,3900,"SPRUCE ST",""
26,27,8,3908,"SPRUCE ST",""
24,5,6,1014,"SPRUCE ST",""
24,27,14,4323,"SPRUCE ST",""
24,46,19,4600,"SPRUCE ST",""
23,5,9,1307,"SPRUCE ST",""
23,27,8,3906,"SPRUCE ST",""
20,5,7,1114,"SPRUCE ST","CYPRESS APTS"
20,27,22,3600,"SPRUCE ST",""
19,5,9,1309,"SPRUCE ST",""
19,27,9,4035,"SPRUCE ST",""
19,27,14,4317,"SPRUCE ST","SPRUCE HILL APTS"
19,3,7,5900,"SPRUCE ST",""
18,8,8,2017,"SPRUCE ST",""
18,27,1,4141,"SPRUCE ST","SPRUCE HALL"
17,5,11,1201,"SPRUCE ST",""
17,8,4,1922,"SPRUCE ST",""
17,8,8,2011,"SPRUCE ST",""
17,8,13,2123,"SPRUCE ST",""
17,27,8,3928,"SPRUCE ST",""
16,5,19,532,"SPRUCE ST",""
16,5,6,902,"SPRUCE ST",""
16,5,7,1110,"SPRUCE ST",""
16,5,9,1305,"SPRUCE ST","LENNOX ANNEX APTS"
16,8,4,1722,"SPRUCE ST",""
15,5,2,329,"SPRUCE ST",""
15,5,19,628,"SPRUCE ST",""
15,5,7,1104,"SPRUCE ST",""
15,8,4,1728,"SPRUCE ST",""
15,8,4,1816,"SPRUCE ST",""
15,8,4,1820,"SPRUCE ST",""
15,27,9,4000,"SPRUCE ST",""
15,27,9,4018,"SPRUCE ST",""
15,27,9,4033,"SPRUCE ST",""
15,27,9,4046,"SPRUCE ST",""
15,27,9,4048,"SPRUCE ST",""
15,27,9,4059,"SPRUCE ST",""
15,27,1,4105,"SPRUCE ST","SPRUCEWOOD APTS"
15,27,14,4415,"SPRUCE ST","SPRUCE APTS 4415"
15,46,23,4537,"SPRUCE ST","COLONIAL TERRACE"
14,5,7,1112,"SPRUCE ST",""
14,5,7,1126,"SPRUCE ST",""
14,5,7,1208,"SPRUCE ST",""
14,8,8,1929,"SPRUCE ST",""
14,27,8,3914,"SPRUCE ST",""
14,27,8,3926,"SPRUCE ST",""
14,27,8,3934,"SPRUCE ST",""
13,5,6,912,"SPRUCE ST",""
13,5,6,1032,"SPRUCE ST",""
13,5,7,1106,"SPRUCE ST",""
13,5,7,1108,"SPRUCE ST",""
13,8,4,1814,"SPRUCE ST",""
13,8,8,2019,"SPRUCE ST",""
13,8,13,2101,"SPRUCE ST",""
13,8,2,2130,"SPRUCE ST",""
13,8,1,2224,"SPRUCE ST",""
13,8,9,2311,"SPRUCE ST",""
13,27,9,4004,"SPRUCE ST",""
13,27,9,4038,"SPRUCE ST",""
13,46,23,4530,"SPRUCE ST",""
12,5,6,924,"SPRUCE ST",""
12,5,6,1010,"SPRUCE ST",""
12,5,7,1118,"SPRUCE ST",""
12,5,7,1128,"SPRUCE ST",""
12,8,5,1429,"SPRUCE ST",""
12,8,14,1518,"SPRUCE ST",""
12,8,4,1830,"SPRUCE ST",""
12,8,8,1919,"SPRUCE ST",""
12,8,2,2020,"SPRUCE ST",""
12,8,2,2104,"SPRUCE ST",""
12,27,8,3924,"SPRUCE ST",""
12,27,9,4100,"SPRUCE ST",""
12,27,23,4232,"SPRUCE ST",""
12,27,23,4242,"SPRUCE ST",""
12,27,14,4401,"SPRUCE ST","SPRUCE APTS 4401"
11,5,6,1012,"SPRUCE ST",""
11,5,6,1020,"SPRUCE ST",""
11,5,6,1029,"SPRUCE ST",""
11,5,11,1203,"SPRUCE ST",""
11,5,7,1206,"SPRUCE ST",""
11,5,9,1311,"SPRUCE ST",""
11,8,5,1417,"SPRUCE ST",""
11,8,4,1720,"SPRUCE ST",""
11,8,6,1723,"SPRUCE ST",""
11,8,4,1724,"SPRUCE ST","SCARLETT TOWN HOUSE"
11,8,4,1826,"SPRUCE ST",""
11,8,8,2043,"SPRUCE ST",""
11,27,8,3904,"SPRUCE ST",""
11,27,9,4036,"SPRUCE ST",""
11,46,23,4513,"SPRUCE ST",""
11,46,23,4519,"SPRUCE ST",""
11,46,22,4615,"SPRUCE ST",""
11,46,19,4626,"SPRUCE ST",""
11,60,9,5038,"SPRUCE ST",""
641,27,19,3333,"WALNUT ST","U OF P HILL HOUSE"
347,27,11,3925,"WALNUT ST",""
298,8,12,2020,"WALNUT ST","WANAMAKER HOUSE"
226,3,4,6250,"WALNUT ST","WALNUT PARK PLAZA APTS"
225,27,18,3900,"WALNUT ST","U OF P LRN"
224,8,27,2300,"WALNUT ST","RIVERLOFT APT"
216,27,19,3131,"WALNUT ST",""
171,8,13,2100,"WALNUT ST","EMBASSY APT"
153,5,11,1000,"WALNUT ST","ORLOWITZ HALL"
153,8,10,1901,"WALNUT ST","RITTENHOUSE PLAZA APTS"
130,8,5,1616,"WALNUT ST",""
116,5,28,1213,"WALNUT ST",""
109,5,12,950,"WALNUT ST","JEFF HOSPITAL BARRINGER"
74,5,2,320,"WALNUT ST",""
74,5,2,400,"WALNUT ST",""
72,3,4,6212,"WALNUT ST","CARE PAVILION"
66,8,5,1411,"WALNUT ST",""
58,8,5,1600,"WALNUT ST",""
58,60,23,4723,"WALNUT ST",""
56,60,1,4511,"WALNUT ST","MERCY DOUGLAS HMN 4511"
55,8,11,1700,"WALNUT ST",""
55,60,23,4715,"WALNUT ST","BELVEDERE APTS"
52,5,28,1218,"WALNUT ST","MIDTOWN APTS"
49,8,9,2220,"WALNUT ST","ROOSEVELT APTS"
44,27,11,3833,"WALNUT ST",""
43,8,5,1529,"WALNUT ST",""
40,8,5,1401,"WALNUT ST",""
39,27,9,4044,"WALNUT ST","WALNUT ARMS"
39,60,13,5100,"WALNUT ST","LA BLANCHE APTS"
38,27,19,2929,"WALNUT ST",""
36,27,6,4111,"WALNUT ST","WALNUT HILL APTS"
34,8,27,2135,"WALNUT ST","WALNUT PLAZA"
33,27,6,4045,"WALNUT ST",""
31,60,18,5644,"WALNUT ST","WALNUT ST BOARDING HOUSE"
29,27,11,3817,"WALNUT ST",""
29,27,9,4040,"WALNUT ST",""
26,27,11,3805,"WALNUT ST",""
26,27,6,4027,"WALNUT ST",""
24,27,11,3819,"WALNUT ST",""
23,5,28,1200,"WALNUT ST",""
23,5,29,1334,"WALNUT ST","CONGRESS HOTEL"
22,5,12,721,"WALNUT ST",""
20,27,9,4036,"WALNUT ST",""
20,46,23,4504,"WALNUT ST",""
19,8,27,2313,"WALNUT ST",""
19,60,1,4525,"WALNUT ST",""
19,46,23,4528,"WALNUT ST",""
19,46,23,4532,"WALNUT ST",""
19,46,22,4636,"WALNUT ST",""
18,8,13,2118,"WALNUT ST",""
18,27,6,4039,"WALNUT ST",""
17,8,12,2014,"WALNUT ST",""
17,27,6,4043,"WALNUT ST",""
17,60,19,5700,"WALNUT ST",""
16,8,27,2133,"WALNUT ST",""
16,27,6,4029,"WALNUT ST",""
15,5,28,1206,"WALNUT ST",""
15,46,22,4844,"WALNUT ST",""
14,8,10,1805,"WALNUT ST",""
14,8,12,2008,"WALNUT ST",""
14,8,12,2012,"WALNUT ST",""
14,8,13,2114,"WALNUT ST",""
14,8,27,2205,"WALNUT ST",""
14,8,27,2207,"WALNUT ST",""
14,27,9,4028,"WALNUT ST",""
14,46,22,4624,"WALNUT ST",""
14,46,22,4628,"WALNUT ST",""
14,46,22,4632,"WALNUT ST",""
14,60,12,5032,"WALNUT ST",""
13,5,3,500,"WALNUT ST",""
13,5,28,1221,"WALNUT ST",""
13,5,29,1324,"WALNUT ST",""
13,8,5,1512,"WALNUT ST",""
13,8,12,2006,"WALNUT ST",""
13,27,6,4025,"WALNUT ST",""
13,27,14,4412,"WALNUT ST",""
13,46,22,4640,"WALNUT ST",""
12,5,28,1109,"WALNUT ST",""
12,8,12,2027,"WALNUT ST",""
12,8,12,2041,"WALNUT ST",""
12,46,23,4530,"WALNUT ST",""
11,5,1,101,"WALNUT ST",""
11,8,27,2131,"WALNUT ST",""
11,60,12,5052,"WALNUT ST",""
11,60,14,5218,"WALNUT ST",""
574,8,16,1919,"CHESTNUT ST","WILLIAM PENN HOUSE"
409,8,27,2400,"CHESTNUT ST","CHESTNUT APTS 2400"
323,8,15,2101,"CHESTNUT ST","AMBASSADOR TOWN HOUSE"
272,5,12,834,"CHESTNUT ST","BENJ FRANKLIN HSE"
237,8,7,2116,"CHESTNUT ST",""
230,5,28,1229,"CHESTNUT ST","ADELPHIA HOUSE"
204,27,3,3650,"CHESTNUT ST","U OF P GRAD TOWER B"
199,27,3,3600,"CHESTNUT ST","U OF P GRAD TOWER A"
169,27,19,3200,"CHESTNUT ST",""
163,8,5,1500,"CHESTNUT ST","PENNSYLVANIA HOUSE"
161,27,11,3900,"CHESTNUT ST","U OF P CHESTNUT HALL"
145,27,3,3411,"CHESTNUT ST",""
141,27,19,2930,"CHESTNUT ST",""
118,8,10,1930,"CHESTNUT ST",""
108,5,29,1338,"CHESTNUT ST",""
99,27,11,3737,"CHESTNUT ST",""
80,8,15,2021,"CHESTNUT ST",""
79,8,11,1700,"CHESTNUT ST",""
78,3,2,6212,"CHESTNUT ST","BRIGHTON COURT"
73,27,11,3945,"CHESTNUT ST",""
66,3,2,6235,"CHESTNUT ST","COBBS CREEK COURT APTS"
65,5,29,1346,"CHESTNUT ST",""
58,5,28,1201,"CHESTNUT ST",""
58,5,29,1300,"CHESTNUT ST",""
56,5,28,1011,"CHESTNUT ST",""
55,8,7,2201,"CHESTNUT ST","CORONADO APTS"
52,8,15,2025,"CHESTNUT ST",""
50,60,4,5429,"CHESTNUT ST",""
47,8,15,1811,"CHESTNUT ST",""
35,8,5,1510,"CHESTNUT ST",""
35,8,5,1600,"CHESTNUT ST",""
34,27,11,3609,"CHESTNUT ST",""
33,27,6,4133,"CHESTNUT ST",""
31,5,28,1210,"CHESTNUT ST",""
30,27,11,3818,"CHESTNUT ST",""
29,27,11,3701,"CHESTNUT ST","U OF P INTERNATIONAL"
28,8,15,1737,"CHESTNUT ST",""
27,8,10,1920,"CHESTNUT ST",""
27,27,6,4039,"CHESTNUT ST","CHESTNUT ARMS"
26,5,2,421,"CHESTNUT ST",""
25,5,12,710,"CHESTNUT ST",""
25,27,6,4042,"CHESTNUT ST",""
24,8,15,2003,"CHESTNUT ST",""
24,60,1,4500,"CHESTNUT ST",""
23,27,6,4035,"CHESTNUT ST","BRANDEN APTS"
21,27,19,3000,"CHESTNUT ST",""
21,27,6,4046,"CHESTNUT ST",""
20,5,1,116,"CHESTNUT ST",""
20,5,28,1001,"CHESTNUT ST",""
20,8,5,1530,"CHESTNUT ST",""
17,5,28,1033,"CHESTNUT ST",""
17,8,15,2007,"CHESTNUT ST",""
17,8,15,2041,"CHESTNUT ST",""
16,5,28,1232,"CHESTNUT ST",""
15,5,28,1204,"CHESTNUT ST",""
15,27,13,4258,"CHESTNUT ST",""
14,5,1,122,"CHESTNUT ST",""
13,5,1,117,"CHESTNUT ST",""
13,8,15,1925,"CHESTNUT ST",""
13,27,11,3939,"CHESTNUT ST",""
13,27,6,4009,"CHESTNUT ST",""
13,27,13,4300,"CHESTNUT ST","NETHERLANDS APTS"
13,60,23,4708,"CHESTNUT ST",""
12,8,15,1927,"CHESTNUT ST",""
12,27,6,4217,"CHESTNUT ST",""
11,8,15,2035,"CHESTNUT ST",""
11,27,3,3141,"CHESTNUT ST",""
11,60,2,4926,"CHESTNUT ST",""
656,8,20,1500,"LOCUST ST","1500 LOCUST ST APTS"
621,8,21,1420,"LOCUST ST","ACADEMY HOUSE"
330,27,18,3901,"LOCUST ST","U OF P HRN"
313,27,21,3820,"LOCUST ST","U OF P HARNWELL HRE"
248,5,12,801,"LOCUST ST","AMER POSTAL WORKERS HSE"
232,5,9,1324,"LOCUST ST","ARTS TOWER"
224,5,1,200,"LOCUST ST","SOCIETY HILL TOWERS N"
213,5,1,220,"LOCUST ST","SOCIETY HILL TOWERS S"
207,5,1,210,"LOCUST ST","SOCIETY HILL TOWERS W"
192,27,1,4247,"LOCUST ST","FAIRFAX APTS LOCUST"
155,8,12,2031,"LOCUST ST","LOCUST APTS 2031"
132,8,5,1425,"LOCUST ST",""
121,5,11,1111,"LOCUST ST",""
118,5,5,850,"LOCUST ST","ST GEORGE MANOR"
109,8,11,1701,"LOCUST ST","WARWICK HOTEL"
108,8,9,2429,"LOCUST ST","LOCUST POINT APTS"
101,8,20,1530,"LOCUST ST","VERSAILLES APTS"
46,46,22,4815,"LOCUST ST",""
37,8,5,1501,"LOCUST ST",""
31,8,5,1616,"LOCUST ST",""
27,27,1,4100,"LOCUST ST",""
27,46,22,4710,"LOCUST ST","DORSET APTS"
24,5,11,1222,"LOCUST ST",""
24,8,5,1601,"LOCUST ST",""
24,8,13,2130,"LOCUST ST",""
23,5,5,810,"LOCUST ST",""
20,8,5,1515,"LOCUST ST",""
19,8,13,2125,"LOCUST ST",""
15,8,13,2131,"LOCUST ST",""
15,27,9,4021,"LOCUST ST",""
15,27,1,4103,"LOCUST ST",""
14,8,12,2049,"LOCUST ST",""
14,60,14,5447,"LOCUST ST",""
13,60,14,5431,"LOCUST ST",""
12,5,5,700,"LOCUST ST",""
12,27,1,4109,"LOCUST ST",""
12,27,14,4404,"LOCUST ST",""
12,46,22,4813,"LOCUST ST",""
11,5,11,1101,"LOCUST ST",""
11,8,5,1417,"LOCUST ST",""
11,8,13,2122,"LOCUST ST",""
11,8,13,2134,"LOCUST ST",""
11,27,1,4111,"LOCUST ST",""
11,27,14,4406,"LOCUST ST",""
181,46,19,4701,"PINE ST","GARDEN COURT PLAZA APT"
87,8,14,1500,"PINE ST","PINE TREE APTS"
58,46,7,4840,"PINE ST","PINE MANOR APTS PINE"
47,46,7,4800,"PINE ST","PINE VISTA APTS"
45,8,14,1499,"PINE ST",""
38,46,19,4720,"PINE ST","GARDEN COURT SOUTH 4720"
37,27,2,4200,"PINE ST",""
35,46,7,4816,"PINE ST","PINE LODGE APTS"
34,8,28,2310,"PINE ST",""
34,46,19,4748,"PINE ST","BOURNE COURT APTS"
33,5,14,1330,"PINE ST",""
33,46,19,4742,"PINE ST",""
31,8,28,2300,"PINE ST",""
31,60,9,5016,"PINE ST",""
29,27,5,4000,"PINE ST",""
29,27,10,4417,"PINE ST","SHERWOOD COURT BLDG A"
29,46,18,4514,"PINE ST",""
29,46,19,4643,"PINE ST","GARDEN COURT APTS 4643"
28,46,19,4617,"PINE ST","GARDEN COURT APTS 4617"
27,8,3,1829,"PINE ST",""
27,46,19,4621,"PINE ST",""
26,5,7,1001,"PINE ST",""
25,46,19,4740,"PINE ST","GARDEN COURT SOUTH 4740"
23,5,7,1119,"PINE ST",""
23,46,18,4504,"PINE ST",""
23,46,19,4625,"PINE ST",""
23,46,19,4631,"PINE ST","GARDEN COURT APTS 4631"
23,46,19,4637,"PINE ST",""
22,5,7,1137,"PINE ST",""
21,27,8,3927,"PINE ST",""
21,46,19,4730,"PINE ST","GARDEN COURT SOUTH 4730"
21,46,7,4845,"PINE ST","LAFAYETTE APTS"
19,8,3,1612,"PINE ST",""
18,27,9,4109,"PINE ST",""
18,46,7,4833,"PINE ST",""
17,46,23,4525,"PINE ST",""
17,46,7,4801,"PINE ST",""
17,46,7,4815,"PINE ST",""
16,27,9,4111,"PINE ST",""
16,46,7,4827,"PINE ST",""
16,46,7,4839,"PINE ST",""
15,5,5,732,"PINE ST",""
15,8,1,2124,"PINE ST",""
15,46,7,4807,"PINE ST",""
14,8,14,1519,"PINE ST",""
14,8,14,1532,"PINE ST",""
14,8,3,1834,"PINE ST",""
14,8,2,2009,"PINE ST",""
14,8,2,2107,"PINE ST",""
14,27,9,4019,"PINE ST",""
14,27,9,4101,"PINE ST",""
14,46,23,4527,"PINE ST",""
13,5,5,832,"PINE ST",""
13,5,8,906,"PINE ST",""
13,5,8,1026,"PINE ST",""
13,8,3,1706,"PINE ST",""
13,8,3,1738,"PINE ST",""
13,8,3,1820,"PINE ST",""
13,8,3,1836,"PINE ST",""
13,27,9,4105,"PINE ST",""
13,60,9,5145,"PINE ST",""
12,5,8,912,"PINE ST",""
12,5,8,1138,"PINE ST",""
12,8,14,1536,"PINE ST",""
12,8,3,1702,"PINE ST",""
12,8,3,1734,"PINE ST",""
12,8,3,1815,"PINE ST",""
12,8,3,1825,"PINE ST",""
12,8,3,1828,"PINE ST",""
12,27,8,3932,"PINE ST",""
12,27,5,4004,"PINE ST",""
12,27,23,4209,"PINE ST",""
12,27,23,4219,"PINE ST",""
12,60,9,4900,"PINE ST",""
11,5,2,409,"PINE ST",""
11,5,5,708,"PINE ST",""
11,5,14,1300,"PINE ST",""
11,8,14,1534,"PINE ST",""
11,8,3,1728,"PINE ST",""
11,8,3,1817,"PINE ST",""
11,8,3,1819,"PINE ST",""
11,8,2,2027,"PINE ST",""
11,27,8,3929,"PINE ST",""
11,27,5,4006,"PINE ST",""
11,27,9,4021,"PINE ST",""
11,27,5,4114,"PINE ST",""
11,27,10,4430,"PINE ST",""
11,46,23,4519,"PINE ST",""
11,46,7,4821,"PINE ST",""
11,60,9,4950,"PINE ST",""
852,20,7,2029,"N BROAD ST",""
356,32,7,2108,"N BROAD ST","TEMPLE UNIV WHITE HALL"
249,20,11,1601,"N BROAD ST",""
240,20,11,1603,"N BROAD ST",""
233,8,26,640,"N BROAD ST",""
163,47,2,1220,"N BROAD ST","PHILADELPHIA REGENCY"
161,37,7,2601,"N BROAD ST","PEOPLE UNITED TOGETHER"
155,5,25,317,"N BROAD ST","PACKARD MOTOR CAR BLDG"
150,20,7,2025,"N BROAD ST",""
90,32,7,2150,"N BROAD ST",""
80,8,30,322,"N BROAD ST",""
59,37,4,2415,"N BROAD ST",""
57,5,25,511,"N BROAD ST",""
57,47,1,918,"N BROAD ST",""
57,10,11,7000,"N BROAD ST","LARSAM COURT APT"
48,14,4,699,"N BROAD ST",""
47,14,4,715,"N BROAD ST","SALVATION ARMY 715"
46,14,1,523,"N BROAD ST",""
43,49,8,6515,"N BROAD ST","QUEEN COURT APTS"
39,5,25,339,"N BROAD ST",""
35,10,11,7020,"N BROAD ST",""
31,47,3,1440,"N BROAD ST",""
31,10,11,6930,"N BROAD ST",""
26,17,21,5224,"N BROAD ST",""
25,15,7,722,"N BROAD ST",""
24,10,11,6922,"N BROAD ST",""
23,15,7,814,"N BROAD ST",""
21,15,7,802,"N BROAD ST",""
19,49,8,6433,"N BROAD ST","SHELTON APTS"
19,49,8,6455,"N BROAD ST",""
15,43,1,4115,"N BROAD ST",""
14,37,4,2301,"N BROAD ST",""
12,32,7,2010,"N BROAD ST",""
11,5,25,315,"N BROAD ST",""
11,47,2,1248,"N BROAD ST",""
11,16,2,2332,"N BROAD ST",""
11,13,16,3822,"N BROAD ST",""
11,43,1,4145,"N BROAD ST",""
494,47,12,1601,"N 15TH ST",""
119,8,25,117,"N 15TH ST","THE METROPOLITAN"
81,8,30,325,"N 15TH ST","STILES ALUMNI HALL"
59,47,3,1500,"N 15TH ST",""
54,17,4,6201,"N 15TH ST","STENTON HOUSE"
52,17,24,5025,"N 15TH ST","HARMONY HOUSE"
46,47,3,1417,"N 15TH ST",""
40,10,11,7101,"N 15TH ST","HAMMOND GARDENS APTS"
35,47,3,1516,"N 15TH ST",""
35,10,11,6935,"N 15TH ST",""
28,47,6,1628,"N 15TH ST",""
25,47,3,1411,"N 15TH ST",""
25,10,11,7033,"N 15TH ST",""
24,47,3,1429,"N 15TH ST","ANTOINETT APTS"
22,10,11,7011,"N 15TH ST","WINDSOR TERRACE"
21,47,3,1401,"N 15TH ST",""
20,10,11,6945,"N 15TH ST",""
20,10,11,7021,"N 15TH ST",""
18,47,6,1612,"N 15TH ST",""
18,10,11,7041,"N 15TH ST",""
13,47,3,1535,"N 15TH ST",""
12,47,3,1511,"N 15TH ST",""
12,13,25,3653,"N 15TH ST",""
11,16,3,2402,"N 15TH ST",""
11,11,3,3131,"N 15TH ST",""
157,8,25,200,"N 16TH ST",""
105,47,5,1401,"N 16TH ST","APARTMENTS 1401"
65,47,5,1400,"N 16TH ST","BECKETT GARDEN"
29,10,7,6649,"N 16TH ST","KINSDALE ARMS"
20,17,27,5830,"N 16TH ST",""
16,11,5,3540,"N 16TH ST",""
15,16,2,2351,"N 16TH ST",""
15,11,13,3127,"N 16TH ST",""
14,8,26,655,"N 16TH ST",""
14,32,5,1814,"N 16TH ST",""
13,11,13,3136,"N 16TH ST",""
13,11,13,3140,"N 16TH ST",""
12,8,26,636,"N 16TH ST",""
12,47,3,1515,"N 16TH ST",""
12,11,13,3130,"N 16TH ST",""
12,11,13,3145,"N 16TH ST",""
11,8,26,600,"N 16TH ST",""
11,47,3,1521,"N 16TH ST",""
11,32,7,2126,"N 16TH ST",""
131,14,9,970,"N 07TH ST","ASCENSION MANOR II"
55,14,9,973,"N 07TH ST",""
27,14,11,845,"N 07TH ST",""
17,37,13,2327,"N 07TH ST",""
94,18,15,1730,"N 05TH ST",""
69,5,23,720,"N 05TH ST",""
59,61,24,6620,"N 05TH ST",""
56,18,9,1325,"N 05TH ST",""
37,5,15,919,"N 05TH ST",""
25,18,14,1401,"N 05TH ST",""
25,18,15,1720,"N 05TH ST",""
20,18,15,1700,"N 05TH ST",""
13,5,23,702,"N 05TH ST",""
13,18,9,1216,"N 05TH ST",""
12,5,23,634,"N 05TH ST",""
12,5,23,849,"N 05TH ST",""
11,5,15,1019,"N 05TH ST",""
11,19,6,3021,"N 05TH ST",""
1257,5,9,315,"S BROAD ST",""
290,36,34,1100,"S BROAD ST",""
209,8,14,440,"S BROAD ST",""
168,2,20,777,"S BROAD ST",""
89,8,14,320,"S BROAD ST",""
54,5,22,521,"S BROAD ST",""
35,2,7,1221,"S BROAD ST",""
17,36,35,1222,"S BROAD ST",""
16,30,4,1000,"S BROAD ST",""
13,1,20,1321,"S BROAD ST",""
12,1,20,1443,"S BROAD ST",""
136,5,24,201,"N 08TH ST",""
125,20,4,1600,"N 08TH ST","GRAY MANOR"
61,5,31,407,"N 08TH ST",""
54,61,23,6610,"N 08TH ST","OAK LYNNE HALL APTS"
45,49,18,6344,"N 08TH ST","EOLA APTS"
34,61,23,6628,"N 08TH ST",""
32,5,31,304,"N 08TH ST",""
21,5,31,300,"N 08TH ST",""
15,49,18,6523,"N 08TH ST",""
11,14,10,719,"N 08TH ST",""
11,14,10,721,"N 08TH ST",""
11,37,15,2621,"N 08TH ST",""
11,49,18,6515,"N 08TH ST",""
60,18,10,1741,"FRANKFORD AVE","NEUMANN MEDICAL CENTER"
54,64,1,8216,"FRANKFORD AVE",""
54,65,18,8239,"FRANKFORD AVE",""
49,23,23,4321,"FRANKFORD AVE",""
37,57,18,8712,"FRANKFORD AVE",""
36,25,18,3017,"FRANKFORD AVE",""
29,23,23,4111,"FRANKFORD AVE",""
26,25,18,3023,"FRANKFORD AVE",""
25,45,8,3367,"FRANKFORD AVE",""
24,18,2,1045,"FRANKFORD AVE",""
19,65,10,9801,"FRANKFORD AVE",""
18,62,16,5738,"FRANKFORD AVE",""
18,64,1,8214,"FRANKFORD AVE",""
16,25,21,3137,"FRANKFORD AVE",""
16,62,6,5029,"FRANKFORD AVE",""
16,65,11,8383,"FRANKFORD AVE","PENN ROBERTS APTS BLDG B"
14,45,9,3242,"FRANKFORD AVE",""
14,62,26,6100,"FRANKFORD AVE",""
13,45,8,3427,"FRANKFORD AVE",""
13,23,23,4251,"FRANKFORD AVE",""
13,65,11,8381,"FRANKFORD AVE","PENN ROBERTS APTS BLDG A"
12,45,8,3309,"FRANKFORD AVE",""
11,31,8,2431,"FRANKFORD AVE",""
11,25,15,2810,"FRANKFORD AVE",""
11,25,15,2842,"FRANKFORD AVE",""
11,45,8,3339,"FRANKFORD AVE",""
11,62,16,5742,"FRANKFORD AVE",""
11,64,5,7900,"FRANKFORD AVE",""
326,8,23,2323,"RACE ST",""
324,24,18,3301,"RACE ST","DREXEL UNIV MYERS"
323,24,10,3300,"RACE ST",""
274,5,13,1221,"RACE ST","ST JOHNS HOSPICE"
211,24,19,3200,"RACE ST",""
126,4,8,5600,"RACE ST","MAHLON LEWIS APTS"
108,5,27,301,"RACE ST","THE WIREWORKS APTS"
75,5,24,1010,"RACE ST",""
53,4,12,5700,"RACE ST","MT CARMEL GARDENS"
46,5,30,205,"RACE ST",""
39,24,19,3201,"RACE ST",""
35,5,10,222,"RACE ST",""
31,5,27,323,"RACE ST",""
31,44,14,5031,"RACE ST",""
27,8,17,1916,"RACE ST",""
20,5,24,928,"RACE ST",""
19,8,24,1708,"RACE ST",""
16,5,10,212,"RACE ST",""
12,5,27,327,"RACE ST",""
47,49,9,5110,"N 06TH ST",""
30,18,15,1701,"N 06TH ST",""
26,14,11,844,"N 06TH ST",""
22,49,13,4835,"N 06TH ST",""
21,20,2,1426,"N 06TH ST",""
12,61,1,5440,"N 06TH ST",""
45,8,17,100,"N 17TH ST",""
45,17,11,6100,"N 17TH ST","GRANADA APTS"
27,17,14,6001,"N 17TH ST",""
25,16,5,2653,"N 17TH ST",""
22,15,7,718,"N 17TH ST",""
21,11,11,2900,"N 17TH ST",""
13,32,8,1922,"N 17TH ST",""
12,32,5,1845,"N 17TH ST",""
11,47,8,1512,"N 17TH ST",""
11,47,3,1517,"N 17TH ST",""
11,47,6,1611,"N 17TH ST",""
11,32,11,2026,"N 17TH ST",""
11,11,5,3411,"N 17TH ST",""
193,5,27,444,"N 04TH ST",""
71,5,27,209,"N 04TH ST","OLDE CITY PLACE APTS"
61,5,16,25,"N 04TH ST",""
58,5,16,125,"N 04TH ST",""
47,5,32,1147,"N 04TH ST",""
46,5,27,213,"N 04TH ST",""
29,5,17,1027,"N 04TH ST",""
29,5,32,1133,"N 04TH ST",""
20,5,23,850,"N 04TH ST",""
15,19,17,2637,"N 04TH ST",""
12,19,14,2137,"N 04TH ST",""
157,8,30,450,"N 18TH ST",""
142,8,30,500,"N 18TH ST",""
31,15,3,627,"N 18TH ST",""
17,32,9,1850,"N 18TH ST",""
13,32,9,1910,"N 18TH ST",""
13,13,20,3750,"N 18TH ST",""
11,15,3,607,"N 18TH ST",""
319,38,9,4055,"RIDGE AVE",""
180,21,41,7373,"RIDGE AVE","RIDGE CARLTON APTS"
131,21,30,7841,"RIDGE AVE","GREENE COUNTRIE CT"
103,38,9,4041,"RIDGE AVE","CHELSEA"
91,21,40,6725,"RIDGE AVE","RIDGEVIEW APTS"
88,21,34,8875,"RIDGE AVE","COLONIAL VILLAGE TOWNHSE"
85,21,30,7949,"RIDGE AVE","CHESWICK SQUARE"
80,21,30,7925,"RIDGE AVE","APARTMENTS 7925"
72,21,34,9001,"RIDGE AVE",""
64,47,13,1999,"RIDGE AVE","WM B MOORE MANOR"
44,38,19,4349,"RIDGE AVE",""
41,21,45,8816,"RIDGE AVE",""
35,21,40,6763,"RIDGE AVE",""
31,21,29,7014,"RIDGE AVE","PINE RD MANOR"
27,21,40,7015,"RIDGE AVE",""
26,5,31,1027,"RIDGE AVE",""
24,14,4,1360,"RIDGE AVE","RIDGE AVE CENTER"
24,38,19,4328,"RIDGE AVE",""
21,14,1,1232,"RIDGE AVE",""
21,15,10,1622,"RIDGE AVE",""
17,21,15,5261,"RIDGE AVE",""
15,5,31,921,"RIDGE AVE",""
14,21,40,6619,"RIDGE AVE",""
14,21,40,7033,"RIDGE AVE",""
13,21,15,5301,"RIDGE AVE",""
12,14,1,1250,"RIDGE AVE",""
12,21,29,7000,"RIDGE AVE","SANDRA COURT"
185,5,30,231,"N 03RD ST","CHOCOLATE WORKS"
112,18,9,1250,"N 03RD ST","OLDE KENSINGTON PAVILLION"
87,5,26,51,"N 03RD ST",""
73,5,32,1151,"N 03RD ST",""
41,5,17,950,"N 03RD ST",""
33,5,26,47,"N 03RD ST",""
27,5,16,30,"N 03RD ST",""
26,5,26,59,"N 03RD ST",""
26,5,27,300,"N 03RD ST",""
26,18,18,1203,"N 03RD ST",""
24,5,17,926,"N 03RD ST",""
21,5,27,246,"N 03RD ST",""
18,5,17,832,"N 03RD ST",""
17,5,16,28,"N 03RD ST",""
16,5,17,826,"N 03RD ST",""
15,5,27,234,"N 03RD ST",""
13,5,16,135,"N 03RD ST",""
13,5,30,209,"N 03RD ST",""
13,5,32,1112,"N 03RD ST",""
13,61,4,5729,"N 03RD ST",""
12,5,30,203,"N 03RD ST",""
12,5,30,313,"N 03RD ST",""
12,5,17,702,"N 03RD ST",""
12,5,17,1024,"N 03RD ST",""
11,5,26,35,"N 03RD ST",""
11,5,16,36,"N 03RD ST",""
280,20,1,1701,"N 10TH ST",""
216,20,1,1801,"N 10TH ST",""
167,49,18,6201,"N 10TH ST",""
129,14,2,1350,"N 10TH ST","HARRISON PLAZA"
65,49,18,6301,"N 10TH ST","REGENCY HOUSE"
42,5,24,219,"N 10TH ST",""
23,5,24,210,"N 10TH ST",""
17,49,3,6100,"N 10TH ST",""
12,20,3,1538,"N 10TH ST",""
11,5,24,148,"N 10TH ST",""
243,56,29,8900,"ROOSEVELT BLV","SALIGMAN HOUSE"
170,56,34,7400,"ROOSEVELT BLV","ROOSEVELT APT 7400 BLDG B"
148,64,15,8301,"ROOSEVELT BLV","DEER MEADOWS"
122,64,15,8401,"ROOSEVELT BLV","EVANGELICAL MANOR"
89,56,34,7600,"ROOSEVELT BLV",""
88,23,12,3901,"ROOSEVELT BLV",""
80,62,20,6063,"ROOSEVELT BLV","OAKLAND TERRACE"
69,64,18,7801,"ROOSEVELT BLV",""
62,58,31,10400,"ROOSEVELT BLV",""
44,64,15,8403,"ROOSEVELT BLV","MANOR GLEN"
42,64,18,7901,"ROOSEVELT BLV","LEXINGTON PARK ANNEX"
37,64,15,8229,"ROOSEVELT BLV",""
29,64,15,8221,"ROOSEVELT BLV","PARK CIRCLE APT"
18,64,15,8225,"ROOSEVELT BLV","HERMITAGE ARMS"
13,35,26,4860,"ROOSEVELT BLV",""
13,56,1,7750,"ROOSEVELT BLV","RYAN MANOR"
13,56,22,8420,"ROOSEVELT BLV",""
13,56,35,9410,"ROOSEVELT BLV",""
12,56,35,9400,"ROOSEVELT BLV",""
11,56,35,9414,"ROOSEVELT BLV","MICHNER COURT APTS"
353,56,41,9200,"BUSTLETON AVE",""
281,58,44,9896,"BUSTLETON AVE","PAULS RUN"
247,58,35,12003,"BUSTLETON AVE","EPARAIM GOLDSTEIN APTS"
203,58,44,9921,"BUSTLETON AVE","PATHWAY CONDOS BLDG R"
165,58,5,13512,"BUSTLETON AVE","PETONI APTS"
137,58,2,10900,"BUSTLETON AVE","ASHLEY COURT APTS BLDG 2"
119,58,44,9906,"BUSTLETON AVE","DORAL TWO"
117,56,13,7800,"BUSTLETON AVE",""
88,58,20,13109,"BUSTLETON AVE","SOMERTON COURT"
87,58,11,9629,"BUSTLETON AVE",""
85,58,44,9908,"BUSTLETON AVE","DORAL THE"
71,58,8,10201,"BUSTLETON AVE","EXECUTIVE SUITE CONDOS"
68,56,13,7801,"BUSTLETON AVE","BORBECK COURT"
55,56,1,7701,"BUSTLETON AVE","BUSTLETON ARMS"
39,58,35,12021,"BUSTLETON AVE","APARTMENTS 12021"
33,56,25,8410,"BUSTLETON AVE","TUSTIN COURT APTS"
30,62,15,5926,"BUSTLETON AVE",""
24,58,20,13151,"BUSTLETON AVE","SOMERTON APTS"
19,54,7,6523,"BUSTLETON AVE","BUSTLETON GARDENS"
18,58,5,14000,"BUSTLETON AVE","VISIONS HOTEL"
13,58,11,9712,"BUSTLETON AVE","LATONIA MANOR"
11,58,11,9726,"BUSTLETON AVE",""
119,29,1,2100,"W GIRARD AVE","PHILA NURSING HOME"
93,6,18,4400,"W GIRARD AVE","SMITH HOME FOR THE AGED"
87,14,7,801,"W GIRARD AVE","N PHILA HEALTH TOWER BLDG"
54,14,2,1001,"W GIRARD AVE","ZION GARDENS WEAVER"
51,14,2,1101,"W GIRARD AVE","ZION GARDENS SULLIVAN"
29,34,5,6006,"W GIRARD AVE",""
24,47,2,1509,"W GIRARD AVE",""
24,29,1,2012,"W GIRARD AVE",""
22,29,12,2701,"W GIRARD AVE",""
19,47,4,1601,"W GIRARD AVE",""
19,29,12,2617,"W GIRARD AVE",""
14,47,1,1522,"W GIRARD AVE",""
14,47,2,1531,"W GIRARD AVE",""
14,29,1,1912,"W GIRARD AVE",""
12,34,28,6524,"W GIRARD AVE",""
11,5,33,18,"W GIRARD AVE",""
11,47,1,1426,"W GIRARD AVE",""
11,47,2,1517,"W GIRARD AVE",""
11,24,9,3862,"W GIRARD AVE",""
121,5,33,1001,"N 02ND ST",""
59,5,10,112,"N 02ND ST",""
59,7,5,3231,"N 02ND ST",""
40,5,10,130,"N 02ND ST",""
38,5,10,105,"N 02ND ST",""
35,5,32,1002,"N 02ND ST",""
28,5,26,11,"N 02ND ST",""
28,5,32,800,"N 02ND ST",""
26,5,10,104,"N 02ND ST",""
26,61,26,6630,"N 02ND ST","MELROSE PARK MANOR BLDG C"
23,5,21,837,"N 02ND ST",""
23,61,26,6624,"N 02ND ST","MELROSE PARK MANOR BLDG B"
22,5,30,257,"N 02ND ST",""
22,5,21,622,"N 02ND ST",""
21,5,30,237,"N 02ND ST",""
18,5,26,55,"N 02ND ST",""
17,5,30,253,"N 02ND ST",""
17,5,32,1040,"N 02ND ST",""
17,7,6,3447,"N 02ND ST",""
16,5,10,136,"N 02ND ST",""
15,5,26,70,"N 02ND ST",""
13,5,30,236,"N 02ND ST",""
13,5,21,601,"N 02ND ST",""
12,5,26,47,"N 02ND ST",""
12,5,21,712,"N 02ND ST",""
12,5,32,1030,"N 02ND ST",""
12,18,18,1501,"N 02ND ST",""
12,18,18,1532,"N 02ND ST",""
11,5,21,701,"N 02ND ST",""
11,5,21,811,"N 02ND ST",""
11,61,26,6618,"N 02ND ST","MELROSE PARK MANOR BLDG A"
73,2,15,1,"CHRISTIAN ST",""
44,30,17,2501,"CHRISTIAN ST",""
19,2,1,112,"CHRISTIAN ST",""
19,2,15,235,"CHRISTIAN ST",""
16,2,14,200,"CHRISTIAN ST",""
15,2,14,216,"CHRISTIAN ST",""
15,2,10,928,"CHRISTIAN ST",""
15,30,12,2232,"CHRISTIAN ST",""
14,30,6,1747,"CHRISTIAN ST",""
12,2,12,524,"CHRISTIAN ST",""
11,30,11,1910,"CHRISTIAN ST",""
125,5,31,315,"N 12TH ST",""
57,5,25,314,"N 12TH ST",""
52,5,25,340,"N 12TH ST",""
33,61,21,6608,"N 12TH ST",""
25,14,8,843,"N 12TH ST",""
18,49,17,5020,"N 12TH ST",""
29,30,2,1607,"CATHARINE ST",""
19,2,16,314,"CATHARINE ST",""
19,2,24,613,"CATHARINE ST",""
13,2,27,127,"CATHARINE ST",""
11,2,24,611,"CATHARINE ST",""
11,30,14,2227,"CATHARINE ST",""
238,8,15,1600,"ARCH ST","THE PHOENIX"
207,8,29,2200,"ARCH ST",""
199,8,17,1835,"ARCH ST",""
173,8,29,1900,"ARCH ST",""
101,5,24,1010,"ARCH ST",""
101,24,10,3301,"ARCH ST","DREXEL UNIV CALHOUN HALL"
91,4,7,5522,"ARCH ST",""
83,8,23,2215,"ARCH ST","WESTMINSTER APTS"
76,5,24,810,"ARCH ST",""
72,5,24,1027,"ARCH ST",""
69,5,16,229,"ARCH ST",""
59,5,10,107,"ARCH ST","SMYTHE STORES APTS"
56,5,16,315,"ARCH ST",""
49,5,26,108,"ARCH ST",""
44,5,26,130,"ARCH ST",""
37,5,16,313,"ARCH ST",""
31,5,24,1230,"ARCH ST",""
30,5,16,304,"ARCH ST",""
28,8,29,1924,"ARCH ST",""
28,8,29,2042,"ARCH ST",""
25,5,24,1222,"ARCH ST",""
21,5,24,1320,"ARCH ST","SALVATION ARMY 1320"
18,5,16,309,"ARCH ST",""
18,8,29,2032,"ARCH ST",""
17,8,29,2034,"ARCH ST",""
16,5,24,1228,"ARCH ST",""
15,5,10,225,"ARCH ST",""
15,5,24,917,"ARCH ST",""
15,8,17,1701,"ARCH ST",""
13,8,29,2130,"ARCH ST",""
12,5,24,1017,"ARCH ST",""
11,5,24,1025,"ARCH ST",""
80,48,21,2502,"JACKSON ST",""
70,48,21,2504,"JACKSON ST","WILSON PARK APTS 2504"
69,48,21,2508,"JACKSON ST","WILSON PARK APTS 2508"
66,48,21,2506,"JACKSON ST","WILSON PARK APTS 2506"
54,39,10,501,"JACKSON ST",""
26,62,3,5364,"JACKSON ST",""
16,55,2,5912,"JACKSON ST",""
145,37,5,2411,"N 11TH ST",""
145,37,5,2443,"N 11TH ST",""
78,49,2,5501,"N 11TH ST",""
16,49,22,5200,"N 11TH ST",""
11,49,8,6425,"N 11TH ST",""
364,8,11,201,"S 18TH ST","RITTENHOUSE CLARIDGE"
237,8,11,225,"S 18TH ST","RITTENHOUSE REGENCY"
156,8,10,130,"S 18TH ST",""
130,8,6,237,"S 18TH ST","BARCLAY HOTEL"
33,8,6,250,"S 18TH ST","250 S 18TH ST APTS"
26,8,11,105,"S 18TH ST",""
20,8,4,345,"S 18TH ST",""
11,8,4,335,"S 18TH ST",""
415,27,3,3465,"SANSOM ST","U OF P ENGLISH"
126,8,10,1929,"SANSOM ST","KATES PLACE APTS"
77,8,5,1605,"SANSOM ST",""
61,5,28,1125,"SANSOM ST",""
54,60,1,4508,"SANSOM ST","SANSOM COURT APTS"
53,8,5,1601,"SANSOM ST",""
33,5,28,1220,"SANSOM ST",""
27,60,3,5126,"SANSOM ST",""
14,8,27,2321,"SANSOM ST",""
12,27,6,4050,"SANSOM ST",""
11,5,12,709,"SANSOM ST",""
11,27,3,3565,"SANSOM ST",""
197,5,24,9,"N 09TH ST",""
109,5,24,111,"N 09TH ST",""
47,20,9,1950,"N 09TH ST",""
15,20,9,1900,"N 09TH ST",""
99,14,9,911,"N FRANKLIN ST","ASCENSION MANOR"
12,14,7,1319,"N FRANKLIN ST",""
11,14,10,704,"N FRANKLIN ST",""
524,21,3,7901,"HENRY AVE","MANOR HOUSE BLDG D"
511,21,39,8201,"HENRY AVE","SUMMIT PARK EAST BLDG Q"
468,21,23,4201,"HENRY AVE","PHILA UNIVERSITY"
194,21,43,8200,"HENRY AVE","WOODMERE APTS BLDG J"
150,21,30,7950,"HENRY AVE","VALLEY HIGH APTS"
109,38,12,3200,"HENRY AVE",""
93,21,27,6100,"HENRY AVE","DUPONT TOWERS APT"
17,38,12,3300,"HENRY AVE",""
14,20,2,1429,"N MARSHALL ST",""
148,5,29,206,"S 13TH ST","CHANCELLOR APTS"
111,5,9,250,"S 13TH ST",""
88,5,28,201,"S 13TH ST",""
50,5,14,412,"S 13TH ST",""
44,5,14,311,"S 13TH ST","MORRIS APTS"
37,5,11,251,"S 13TH ST",""
32,5,9,334,"S 13TH ST",""
22,5,28,145,"S 13TH ST",""
21,5,9,302,"S 13TH ST",""
20,5,11,245,"S 13TH ST",""
20,5,11,249,"S 13TH ST",""
16,5,11,261,"S 13TH ST","PARKER HOTEL"
12,5,28,37,"S 13TH ST",""
11,5,14,345,"S 13TH ST",""
67,19,16,2622,"N LAWRENCE ST",""
40,19,16,2600,"N LAWRENCE ST",""
22,5,27,251,"N LAWRENCE ST",""
18,5,23,800,"N LAWRENCE ST",""
11,5,23,817,"N LAWRENCE ST",""
11,19,6,3064,"N LAWRENCE ST",""
128,22,6,6950,"GERMANTOWN AVE","LUTHERAN HOME 6950"
102,9,7,9601,"GERMANTOWN AVE","CHESTNUT HILL COLLEGE"
68,22,14,6445,"GERMANTOWN AVE",""
67,9,12,7500,"GERMANTOWN AVE",""
46,37,9,2862,"GERMANTOWN AVE",""
46,13,6,4340,"GERMANTOWN AVE",""
44,9,7,9701,"GERMANTOWN AVE",""
41,9,3,7301,"GERMANTOWN AVE",""
29,9,12,7326,"GERMANTOWN AVE",""
25,12,14,4807,"GERMANTOWN AVE",""
25,9,4,7727,"GERMANTOWN AVE",""
23,18,14,1401,"GERMANTOWN AVE",""
23,12,19,4908,"GERMANTOWN AVE",""
21,37,14,2355,"GERMANTOWN AVE",""
21,22,7,6610,"GERMANTOWN AVE",""
21,22,7,6656,"GERMANTOWN AVE",""
20,37,13,2203,"GERMANTOWN AVE",""
18,12,15,5600,"GERMANTOWN AVE",""
13,22,6,6920,"GERMANTOWN AVE","LUTHERAN HOME 6920"
12,9,12,7330,"GERMANTOWN AVE",""
11,18,9,1316,"GERMANTOWN AVE",""
11,18,3,2047,"GERMANTOWN AVE",""
180,8,24,500,"N 21ST ST",""
147,8,19,230,"N 21ST ST",""
12,32,2,1908,"N 21ST ST",""
12,13,19,3605,"N 21ST ST",""
11,8,19,156,"N 21ST ST",""
11,13,19,3637,"N 21ST ST",""
407,24,6,3901,"MARKET ST","UNIVERSITY SQUARE APTS"
302,8,18,2101,"MARKET ST",""
201,8,15,2040,"MARKET ST",""
174,8,18,1919,"MARKET ST","1202"
169,8,18,2121,"MARKET ST",""
142,24,6,3601,"MARKET ST",""
49,24,6,3817,"MARKET ST",""
32,5,12,728,"MARKET ST",""
30,60,1,4500,"MARKET ST",""
26,8,15,1735,"MARKET ST",""
20,5,12,726,"MARKET ST",""
15,60,7,5740,"MARKET ST",""
11,5,1,118,"MARKET ST",""
11,6,1,4029,"MARKET ST",""
53,5,25,428,"N 13TH ST",""
40,5,25,302,"N 13TH ST",""
36,5,25,429,"N 13TH ST",""
23,37,2,2210,"N 13TH ST",""
15,37,2,2205,"N 13TH ST",""
15,37,2,2225,"N 13TH ST",""
14,37,2,2235,"N 13TH ST",""
13,37,2,2220,"N 13TH ST",""
12,37,2,2201,"N 13TH ST",""
31,16,12,2528,"N 19TH ST",""
20,32,11,2036,"N 19TH ST",""
20,11,12,3408,"N 19TH ST",""
11,32,9,1925,"N 19TH ST",""
101,8,19,150,"N 20TH ST",""
19,32,13,2024,"N 20TH ST",""
277,5,22,1300,"LOMBARD ST","CASA FERMI APTS"
210,30,7,1830,"LOMBARD ST",""
79,5,14,1329,"LOMBARD ST","APARTMENTS 1329"
62,5,5,812,"LOMBARD ST","LOMBARD MEWS"
49,30,3,1720,"LOMBARD ST","BEEKMAN APTS"
42,5,8,1110,"LOMBARD ST","WASHINGTON MEWS"
30,30,3,1526,"LOMBARD ST",""
28,5,14,1311,"LOMBARD ST",""
18,5,8,1118,"LOMBARD ST",""
17,5,8,929,"LOMBARD ST",""
16,5,4,510,"LOMBARD ST",""
16,5,8,1035,"LOMBARD ST",""
16,30,3,1426,"LOMBARD ST",""
13,5,22,1340,"LOMBARD ST",""
11,5,8,913,"LOMBARD ST",""
11,30,3,1436,"LOMBARD ST",""
11,30,7,2138,"LOMBARD ST",""
167,8,30,1818,"SPRING GARDEN ST","SPRING GARDEN TOWERS"
119,8,30,1400,"SPRING GARDEN ST",""
95,8,26,1601,"SPRING GARDEN ST","COLONNADE APTS"
91,14,10,711,"SPRING GARDEN ST","GUILD HOUSE"
69,5,25,1306,"SPRING GARDEN ST",""
54,14,1,1217,"SPRING GARDEN ST",""
39,24,7,3902,"SPRING GARDEN ST",""
35,24,11,3801,"SPRING GARDEN ST","APARTMENTS 3801"
34,24,11,3823,"SPRING GARDEN ST","CLOISTER CONDO"
29,24,5,3604,"SPRING GARDEN ST","NANNETTE APTS"
23,24,5,3600,"SPRING GARDEN ST","LA RITA APTS"
22,8,30,1904,"SPRING GARDEN ST",""
21,24,1,3412,"SPRING GARDEN ST","LANTERN PLAZA"
20,24,8,3836,"SPRING GARDEN ST",""
18,15,17,2001,"SPRING GARDEN ST",""
18,24,5,3514,"SPRING GARDEN ST",""
14,5,21,201,"SPRING GARDEN ST",""
13,8,24,2022,"SPRING GARDEN ST",""
13,15,17,2029,"SPRING GARDEN ST",""
13,24,4,3413,"SPRING GARDEN ST",""
12,15,3,1711,"SPRING GARDEN ST",""
12,8,24,2016,"SPRING GARDEN ST",""
12,15,17,2041,"SPRING GARDEN ST",""
12,15,17,2121,"SPRING GARDEN ST",""
11,8,30,1912,"SPRING GARDEN ST",""
11,24,2,3119,"SPRING GARDEN ST",""
11,24,2,3221,"SPRING GARDEN ST",""
11,24,11,3813,"SPRING GARDEN ST",""
285,57,7,2607,"WELSH RD","JOSHUA HOUSE"
106,57,7,2555,"WELSH RD",""
105,56,35,1865,"WELSH RD","ST LAURENT APTS"
96,57,26,2901,"WELSH RD","ELEVATOR APTS BLDG C"
92,56,31,2015,"WELSH RD","TERRACES WELSH WALK"
83,57,6,2650,"WELSH RD","WELSH REVERE APTS"
72,56,30,1630,"WELSH RD",""
69,57,6,2628,"WELSH RD","WELSH RD APT 2628"
67,57,6,2600,"WELSH RD","WINCHESTER WALK"
65,57,26,2800,"WELSH RD",""
63,57,6,2525,"WELSH RD","STONY WOOD TERRACE"
57,56,31,2131,"WELSH RD",""
56,63,25,1104,"WELSH RD","CHAPEL MANOR NUR HOME"
33,56,31,2089,"WELSH RD",""
33,57,6,2630,"WELSH RD","WELSH COURT APTS"
15,56,31,2101,"WELSH RD","EXCELSIOR GARDENS"
11,58,11,1751,"WELSH RD",""
131,8,5,111,"S 15TH ST",""
97,8,5,271,"S 15TH ST","WESTBURY APTS"
86,8,15,42,"S 15TH ST",""
46,8,5,235,"S 15TH ST",""
23,36,34,1155,"S 15TH ST",""
22,30,1,700,"S 15TH ST",""
11,8,14,416,"S 15TH ST",""
11,30,2,609,"S 15TH ST","MY BROTHERS HOUSE"
471,52,28,3901,"CONSHOHOCKEN AVE","GREENBRIAR PAVILION A"
384,52,2,3600,"CONSHOHOCKEN AVE","RIVERPARK HOUSE"
246,52,4,3701,"CONSHOHOCKEN AVE",""
223,52,7,3939,"CONSHOHOCKEN AVE","BRITH SHOLOM HOUSE"
164,52,2,3601,"CONSHOHOCKEN AVE","FAIRMOUNT TERRACE"
147,52,8,4001,"CONSHOHOCKEN AVE","PARK TOWER 4001"
114,52,4,3801,"CONSHOHOCKEN AVE","IMPERIAL TOWERS"
86,52,11,4401,"CONSHOHOCKEN AVE","DENRICH APTS"
311,5,19,241,"S 06TH ST","ONE INDEPENDENCE PLACE"
286,5,19,233,"S 06TH ST","TWO INDEPENDENCE PLACE"
52,5,3,227,"S 06TH ST",""
46,5,3,170,"S 06TH ST",""
18,2,17,802,"S 06TH ST",""
17,5,19,317,"S 06TH ST",""
14,1,5,1818,"S 06TH ST",""
119,8,15,50,"S 16TH ST",""
88,36,37,1401,"S 16TH ST",""
44,8,5,257,"S 16TH ST",""
19,8,5,220,"S 16TH ST",""
12,8,5,254,"S 16TH ST",""
292,17,4,6300,"OLD YORK RD","PHILIP MURRAY HOUSE"
224,61,22,6901,"OLD YORK RD","BROMLEY HOUSE"
179,49,21,5325,"OLD YORK RD","YORK HOUSE"
96,61,22,7101,"OLD YORK RD",""
76,17,4,6302,"OLD YORK RD",""
46,17,4,6301,"OLD YORK RD","MEDARY COURT"
20,49,21,5201,"OLD YORK RD",""
153,14,4,1221,"FAIRMOUNT AVE","GUILD HOUSE WEST"
113,6,2,4400,"FAIRMOUNT AVE","ANGELA COURT"
88,14,5,1100,"FAIRMOUNT AVE",""
77,6,6,4600,"FAIRMOUNT AVE","WEST PARK PLAZA"
49,15,7,1515,"FAIRMOUNT AVE",""
47,15,7,1415,"FAIRMOUNT AVE",""
31,8,26,1424,"FAIRMOUNT AVE",""
23,5,23,431,"FAIRMOUNT AVE",""
21,5,23,430,"FAIRMOUNT AVE",""
20,15,10,1833,"FAIRMOUNT AVE",""
18,15,3,1720,"FAIRMOUNT AVE",""
18,15,11,1921,"FAIRMOUNT AVE",""
15,15,7,1723,"FAIRMOUNT AVE",""
13,15,16,1906,"FAIRMOUNT AVE",""
13,15,16,1914,"FAIRMOUNT AVE",""
12,5,21,151,"FAIRMOUNT AVE",""
86,46,16,4619,"CHESTER AVE","CHESTER LYNN"
77,51,10,5300,"CHESTER AVE","HOLY FAMILY HOME"
51,46,16,4601,"CHESTER AVE","ROYAL CHESTER COURT"
49,46,8,4712,"CHESTER AVE",""
48,46,16,4605,"CHESTER AVE","CHESTER PLAZA"
45,27,7,4209,"CHESTER AVE","EMERSON HALL APTS"
43,46,8,4618,"CHESTER AVE","FARRAGUT HALL"
40,46,8,4725,"CHESTER AVE","CHESTER HALL APTS"
39,27,5,4107,"CHESTER AVE","ROSAMOND APTS"
30,27,7,4205,"CHESTER AVE","GRAEMERE APTS"
29,27,7,4207,"CHESTER AVE","COMMODORE APTS"
26,51,5,4923,"CHESTER AVE",""
23,27,7,4203,"CHESTER AVE","CHESTER ARMS"
22,46,8,4807,"CHESTER AVE","RALEIGH APTS"
21,46,8,4804,"CHESTER AVE","WINCHESTER HOUSE"
20,27,7,4213,"CHESTER AVE",""
15,46,8,4818,"CHESTER AVE",""
12,46,8,4708,"CHESTER AVE",""
16,32,12,2114,"N GRATZ ST",""
14,47,7,1704,"N GRATZ ST",""
27,18,18,1326,"N MASCHER ST",""
12,18,18,1232,"N MASCHER ST",""
175,34,41,7400,"HAVERFORD AVE","COPLEY PLACE APTS"
76,6,2,4401,"HAVERFORD AVE","ST IGNATIUS NURSE HOME"
56,4,8,5524,"HAVERFORD AVE","OPPORTUNITIES TOWER III"
37,34,32,7212,"HAVERFORD AVE","PHILLIPS APTS"
22,24,4,3416,"HAVERFORD AVE",""
19,6,3,4050,"HAVERFORD AVE",""
14,4,8,5516,"HAVERFORD AVE","APT 108"
13,24,3,3315,"HAVERFORD AVE",""
13,24,7,3925,"HAVERFORD AVE",""
12,4,8,5400,"HAVERFORD AVE",""
11,24,3,3317,"HAVERFORD AVE",""
11,24,7,3900,"HAVERFORD AVE",""
262,59,18,6101,"MORRIS ST","FOUR FREEDOMS HOUSE"
56,59,17,5721,"MORRIS ST","MORRIS MANOR APTS"
715,20,11,1300,"CECIL B MOORE AVE","R C COONEY APTS"
287,20,3,1200,"CECIL B MOORE AVE","WEST TEMPLE TOWERS 1200"
69,47,6,1520,"CECIL B MOORE AVE",""
64,20,3,1250,"CECIL B MOORE AVE","WEST TEMPLE TOWERS 1250"
34,32,10,3002,"CECIL B MOORE AVE",""
31,47,7,1801,"CECIL B MOORE AVE",""
13,29,5,2419,"CECIL B MOORE AVE",""
11,47,12,1639,"CECIL B MOORE AVE",""
33,18,10,1701,"TULIP ST",""
37,5,26,20,"N FRONT ST",""
36,5,26,38,"N FRONT ST",""
36,5,26,50,"N FRONT ST",""
33,5,30,412,"N FRONT ST",""
20,31,1,2017,"N FRONT ST",""
20,31,9,2101,"N FRONT ST","SOLDIERS OF THE LORD"
16,5,26,22,"N FRONT ST",""
16,5,34,919,"N FRONT ST",""
16,7,17,2739,"N FRONT ST","SHEPPARD HOUSE"
14,31,1,2021,"N FRONT ST",""
12,18,1,1301,"N FRONT ST",""
11,5,30,401,"N FRONT ST",""
11,7,14,3339,"N FRONT ST",""
58,8,5,135,"S 17TH ST","LATHAM APTS"
45,48,13,1912,"S 17TH ST",""
37,8,6,250,"S 17TH ST",""
25,30,1,700,"S 17TH ST",""
22,30,1,734,"S 17TH ST",""
18,8,4,325,"S 17TH ST",""
16,36,38,1501,"S 17TH ST",""
14,8,4,313,"S 17TH ST",""
219,9,17,7600,"STENTON AVE","CHESTNUT HILL TOWER APTS"
214,12,14,4901,"STENTON AVE","FISHERS CROSSING"
160,9,16,7740,"STENTON AVE",""
136,9,16,7800,"STENTON AVE","C H V BLDG A HILLCREST"
128,9,16,7720,"STENTON AVE","C H V BLDG A ANDERSON"
108,9,16,7900,"STENTON AVE","C H V BLDG A HIGHLAND"
95,9,16,7700,"STENTON AVE","C H V BLDG B MARSTON"
38,9,2,7412,"STENTON AVE","CHESTNUT TERRACE"
20,12,14,4700,"STENTON AVE",""
19,12,14,4801,"STENTON AVE",""
16,9,2,7310,"STENTON AVE",""
11,12,12,5108,"STENTON AVE",""
28,5,13,211,"N CAMAC ST",""
25,49,17,5101,"N CAMAC ST","MICHELE APTS"
23,49,7,5853,"N CAMAC ST",""
15,49,12,4825,"N CAMAC ST",""
12,49,8,6511,"N CAMAC ST",""
11,37,2,2245,"N CAMAC ST",""
211,5,18,530,"S 02ND ST","ABBOTTS SQUARE"
52,5,1,143,"S 02ND ST",""
24,5,18,528,"S 02ND ST",""
15,2,26,706,"S 02ND ST",""
14,2,27,749,"S 02ND ST",""
13,2,27,783,"S 02ND ST",""
11,5,18,400,"S 02ND ST",""
11,2,26,770,"S 02ND ST",""
11,2,27,771,"S 02ND ST",""
35,5,7,310,"S 10TH ST",""
21,5,8,515,"S 10TH ST",""
19,2,22,700,"S 10TH ST",""
18,5,8,505,"S 10TH ST",""
15,2,22,740,"S 10TH ST",""
13,5,7,322,"S 10TH ST",""
12,5,6,249,"S 10TH ST",""
11,5,6,319,"S 10TH ST","CLARIDGE HOTEL"
115,18,1,100,"W OXFORD ST",""
64,34,15,6150,"W OXFORD ST","MONTE VISTA APT BLDG G"
43,47,14,1917,"W OXFORD ST",""
35,18,14,250,"W OXFORD ST",""
28,32,31,3017,"W OXFORD ST",""
25,34,15,6160,"W OXFORD ST",""
12,29,15,2824,"W OXFORD ST",""
11,47,6,1507,"W OXFORD ST",""
840,15,6,2401,"PENNSYLVANIA AVE","PHILADELPHIAN A UNITS"
552,15,4,2601,"PENNSYLVANIA AVE","PARKWAY APTS"
269,8,24,2201,"PENNSYLVANIA AVE","PARKWAY HOUSE"
30,15,1,2751,"PENNSYLVANIA AVE","GREENSHIRE ON THE PARK B"
19,15,1,2801,"PENNSYLVANIA AVE","GREENSHIRE ON THE PARK A"
16,15,2,2701,"PENNSYLVANIA AVE","GREENSHIRE ON THE PARK D"
182,5,11,221,"S 12TH ST","APARTMENTS 221"
21,2,22,735,"S 12TH ST",""
20,5,28,105,"S 12TH ST",""
18,5,8,515,"S 12TH ST",""
13,5,7,328,"S 12TH ST",""
12,5,7,340,"S 12TH ST",""
12,2,6,1204,"S 12TH ST",""
94,5,34,1,"BROWN ST",""
57,5,21,212,"BROWN ST",""
32,15,8,2629,"BROWN ST",""
29,5,32,211,"BROWN ST",""
15,5,17,314,"BROWN ST",""
15,5,17,320,"BROWN ST",""
14,5,17,322,"BROWN ST",""
12,44,10,4800,"BROWN ST",""
361,40,42,7701,"LINDBERGH BLV","PENROSE PK 7701 BLDG 2100"
286,40,30,7900,"LINDBERGH BLV","KORMAN VILLA"
208,40,40,8400,"LINDBERGH BLV","INT CITY CHALET 8400"
180,40,40,8500,"LINDBERGH BLV","INT CITY CHALET 8500"
48,40,45,7801,"LINDBERGH BLV","PENROSE PK 7801 BLDG 1100"
549,8,29,1901,"JOHN F KENNEDY BLV","KENNEDY HOUSE"
436,8,17,1815,"JOHN F KENNEDY BLV","STERLING HOUSE"
427,8,18,1900,"JOHN F KENNEDY BLV","PENN CENTER HOUSE"
332,24,19,3175,"JOHN F KENNEDY BLV",""
31,15,7,1510,"POPLAR ST",""
24,47,1,1617,"POPLAR ST",""
20,47,1,1639,"POPLAR ST",""
19,4,3,5414,"POPLAR ST",""
18,47,1,1433,"POPLAR ST",""
14,5,17,311,"POPLAR ST",""
12,47,1,1521,"POPLAR ST",""
11,5,32,233,"POPLAR ST",""
811,27,20,3910,"IRVING ST","U OF P HARRISON HRS"
99,27,20,3941,"IRVING ST",""
12,27,9,4052,"IRVING ST",""
11,3,5,6059,"IRVING ST",""
40,30,12,2309,"CARPENTER ST",""
14,30,12,2332,"CARPENTER ST",""
128,30,1,1525,"FITZWATER ST","SCOTTISH RITE HOUSE"
103,30,2,1530,"FITZWATER ST",""
66,2,21,1201,"FITZWATER ST",""
36,30,15,2321,"FITZWATER ST",""
26,2,25,525,"FITZWATER ST",""
22,2,26,246,"FITZWATER ST",""
15,2,26,215,"FITZWATER ST",""
13,30,6,1811,"FITZWATER ST",""
12,30,14,2136,"FITZWATER ST",""
11,30,14,2218,"FITZWATER ST",""
108,63,12,8529,"RISING SUN AVE","TIMBER COVE APTS"
56,35,3,7023,"RISING SUN AVE","PILGRIM GARDENS"
41,35,1,7030,"RISING SUN AVE","JENDORA APTS"
40,35,1,7024,"RISING SUN AVE",""
37,35,1,7012,"RISING SUN AVE","AUSTIN MANOR"
20,35,2,6904,"RISING SUN AVE",""
16,42,19,5424,"RISING SUN AVE",""
13,63,6,7615,"RISING SUN AVE",""
12,63,6,7617,"RISING SUN AVE",""
11,35,19,5723,"RISING SUN AVE",""
11,63,6,7618,"RISING SUN AVE",""
117,8,4,301,"S 19TH ST","TOWN HOUSE APTS"
110,8,10,135,"S 19TH ST",""
42,26,13,2619,"S 19TH ST","OREGON ARMS APTS"
41,8,4,326,"S 19TH ST","DELANCEY PLACE APTS"
26,8,3,415,"S 19TH ST",""
25,8,6,275,"S 19TH ST",""
12,30,6,751,"S 19TH ST",""
134,8,23,158,"N 23RD ST","RIVERSIDE TOWERS"
51,29,4,1615,"N 23RD ST",""
36,15,19,570,"N 23RD ST",""
22,16,16,2148,"N 23RD ST",""
13,29,8,1414,"N 23RD ST",""
13,16,16,2212,"N 23RD ST",""
12,16,16,2160,"N 23RD ST",""
11,16,16,2150,"N 23RD ST",""
11,16,16,2210,"N 23RD ST",""
76,11,13,1508,"W ALLEGHENY AVE","EDGEWOOD MANORAPTS"
75,11,13,1900,"W ALLEGHENY AVE",""
66,7,5,174,"W ALLEGHENY AVE","HANCOCK APTS"
61,7,5,173,"W ALLEGHENY AVE",""
55,11,5,1605,"W ALLEGHENY AVE","ALLEGHENYHALL APTS"
52,11,9,1515,"W ALLEGHENY AVE",""
42,11,13,1604,"W ALLEGHENY AVE","PARKANE APTS 1604"
19,47,12,1718,"N SYDENHAM ST",""
12,47,6,1617,"N SYDENHAM ST",""
12,16,1,2200,"N SYDENHAM ST",""
47,19,12,2121,"N HOWARD ST",""
32,18,17,1801,"N HOWARD ST",""
90,30,7,2031,"SOUTH ST","SOUTH ST APT 2031"
73,2,20,1352,"SOUTH ST",""
28,30,8,2115,"SOUTH ST",""
26,30,2,1430,"SOUTH ST",""
15,5,5,801,"SOUTH ST",""
15,2,23,920,"SOUTH ST",""
15,30,8,2145,"SOUTH ST",""
14,2,21,1240,"SOUTH ST",""
14,30,1,1612,"SOUTH ST",""
14,30,7,2030,"SOUTH ST",""
13,30,8,2311,"SOUTH ST",""
11,2,25,514,"SOUTH ST",""
11,2,24,744,"SOUTH ST",""
11,30,1,1638,"SOUTH ST",""
11,30,3,1701,"SOUTH ST",""
118,65,17,8030,"DITMAN ST",""
31,65,17,8020,"DITMAN ST",""
14,46,9,4900,"CEDAR AVE",""
38,15,3,1806,"GREEN ST",""
30,14,1,1001,"GREEN ST",""
25,8,26,1520,"GREEN ST",""
21,15,19,2213,"GREEN ST",""
20,15,19,2212,"GREEN ST",""
16,5,17,333,"GREEN ST",""
16,15,3,1742,"GREEN ST",""
16,15,3,1822,"GREEN ST",""
16,15,15,1911,"GREEN ST",""
15,15,3,1711,"GREEN ST",""
14,8,26,1536,"GREEN ST",""
13,15,15,1901,"GREEN ST",""
13,15,15,1919,"GREEN ST",""
12,8,26,1532,"GREEN ST",""
11,15,3,1709,"GREEN ST",""
11,15,3,1717,"GREEN ST",""
61,2,8,921,"ELLSWORTH ST",""
50,55,27,4100,"LONGSHORE AVE","LONGSHORE APTS"
48,55,27,4214,"LONGSHORE AVE",""
27,50,15,7919,"FORREST AVE",""
15,10,5,7095,"FORREST AVE",""
12,10,5,7072,"FORREST AVE",""
12,10,5,7092,"FORREST AVE",""
152,2,14,1021,"S 04TH ST","SOUTHWARK PLAZA E"
45,39,13,2509,"S 04TH ST","WALT WHITMAN COMM CTR"
25,5,2,225,"S 04TH ST",""
18,2,25,614,"S 04TH ST",""
15,5,2,262,"S 04TH ST",""
15,5,2,264,"S 04TH ST",""
14,5,2,309,"S 04TH ST",""
12,5,2,330,"S 04TH ST",""
11,1,17,1331,"S 04TH ST",""
89,2,21,1221,"BAINBRIDGE ST",""
46,2,21,1211,"BAINBRIDGE ST",""
29,2,25,330,"BAINBRIDGE ST",""
29,2,23,915,"BAINBRIDGE ST",""
19,2,23,714,"BAINBRIDGE ST",""
18,2,25,412,"BAINBRIDGE ST",""
17,30,16,2301,"BAINBRIDGE ST",""
15,2,25,322,"BAINBRIDGE ST",""
13,2,21,1233,"BAINBRIDGE ST",""
167,5,33,1050,"N HANCOCK ST",""
50,5,33,1010,"N HANCOCK ST",""
43,5,33,1011,"N HANCOCK ST",""
28,18,18,1524,"N HANCOCK ST",""
17,5,33,1021,"N HANCOCK ST",""
17,18,16,1822,"N HANCOCK ST",""
13,5,21,810,"N HANCOCK ST",""
12,7,5,3217,"N HANCOCK ST",""
11,5,21,828,"N HANCOCK ST",""
149,59,25,6350,"GREENE ST","DUVAL MANOR APTS"
108,59,25,6300,"GREENE ST","STAPLEY HALL"
84,59,17,5722,"GREENE ST","YMCA GREENE"
78,22,3,6400,"GREENE ST","GRAYSTONE ON THE GREENE"
74,22,10,6445,"GREENE ST","VERNON HOUSE APTS"
50,22,10,6439,"GREENE ST","KING PHILIP APTS"
24,59,19,5925,"GREENE ST",""
18,12,16,5225,"GREENE ST",""
16,59,19,5922,"GREENE ST",""
29,62,3,5243,"COTTAGE ST",""
28,62,2,5217,"COTTAGE ST","SHERI LYN APTS"
25,62,19,5728,"COTTAGE ST",""
18,62,3,5241,"COTTAGE ST",""
17,65,5,8742,"COTTAGE ST","FRANCIS JAY APTS"
13,62,19,5719,"COTTAGE ST","BAR BEE APTS"
49,1,3,1148,"WHARTON ST",""
16,36,28,3120,"WHARTON ST",""
15,36,28,3130,"WHARTON ST",""
13,36,28,3110,"WHARTON ST",""
42,3,18,6000,"BALTIMORE AVE","BERNICE ARMS"
38,27,5,4045,"BALTIMORE AVE","PENN MANOR"
19,51,6,4926,"BALTIMORE AVE",""
16,27,5,4017,"BALTIMORE AVE",""
15,27,2,4401,"BALTIMORE AVE",""
15,51,1,5646,"BALTIMORE AVE",""
14,27,8,3965,"BALTIMORE AVE",""
14,27,2,4435,"BALTIMORE AVE",""
14,46,18,4629,"BALTIMORE AVE",""
13,27,5,4040,"BALTIMORE AVE",""
13,27,2,4413,"BALTIMORE AVE",""
12,27,5,4035,"BALTIMORE AVE",""
11,27,8,3937,"BALTIMORE AVE",""
11,27,5,4009,"BALTIMORE AVE",""
11,27,5,4041,"BALTIMORE AVE",""
11,27,5,4102,"BALTIMORE AVE",""
11,27,2,4419,"BALTIMORE AVE",""
11,27,2,4429,"BALTIMORE AVE",""
11,46,17,4812,"BALTIMORE AVE",""
11,46,9,4813,"BALTIMORE AVE",""
22,65,8,8414,"TORRESDALE AVE",""
19,65,8,8401,"TORRESDALE AVE",""
12,41,16,7310,"TORRESDALE AVE",""
41,5,11,220,"S 11TH ST",""
30,5,11,201,"S 11TH ST","JEF HOSP NURS RES"
23,5,7,324,"S 11TH ST",""
19,5,6,301,"S 11TH ST","CENTRAL APTS"
16,5,7,303,"S 11TH ST",""
16,5,7,322,"S 11TH ST",""
282,8,7,118,"S 21ST ST","2101 COOPERATIVE"
14,8,12,125,"S 21ST ST",""
14,8,13,244,"S 21ST ST",""
14,30,7,511,"S 21ST ST",""
12,8,12,105,"S 21ST ST",""
12,36,3,1253,"S 21ST ST",""
11,8,12,111,"S 21ST ST",""
11,8,12,115,"S 21ST ST",""
11,8,13,226,"S 21ST ST",""
30,27,2,4224,"OSAGE AVE","WEBSTER MANOR BLDG A"
14,46,18,4537,"OSAGE AVE",""
13,27,2,4223,"OSAGE AVE",""
13,27,23,4418,"OSAGE AVE",""
13,46,18,4512,"OSAGE AVE",""
12,27,10,4405,"OSAGE AVE",""
12,27,23,4416,"OSAGE AVE",""
11,27,23,4410,"OSAGE AVE",""
11,46,18,4530,"OSAGE AVE",""
39,5,5,269,"S 09TH ST","FRANKLIN HOUSE 269"
24,5,5,401,"S 09TH ST",""
20,5,5,515,"S 09TH ST",""
15,5,5,511,"S 09TH ST",""
14,1,1,1514,"S 09TH ST",""
13,5,8,400,"S 09TH ST",""
13,5,8,402,"S 09TH ST",""
12,5,5,521,"S 09TH ST",""
11,2,23,614,"S 09TH ST",""
373,38,17,5450,"WISSAHICKON AVE","SCHOOL LANE HOUSE"
286,21,23,5500,"WISSAHICKON AVE","ALDEN PARK MANOR"
201,12,22,5555,"WISSAHICKON AVE","PARK HEIGHTS"
84,12,8,5115,"WISSAHICKON AVE","BIRCHWOOD HILL APTS"
80,21,23,5720,"WISSAHICKON AVE","VALLEY GREEN APTS"
43,12,22,5515,"WISSAHICKON AVE","MARCHWOOD APTS"
26,38,17,5400,"WISSAHICKON AVE",""
15,12,23,5351,"WISSAHICKON AVE",""
55,29,10,3100,"W THOMPSON ST",""
29,29,10,3018,"W THOMPSON ST",""
18,18,18,236,"W THOMPSON ST",""
15,46,18,4501,"LARCHWOOD AVE",""
11,3,10,6026,"LARCHWOOD AVE",""
234,56,6,1304,"RHAWN ST","GLORIA DEI ESTATES"
130,64,15,2727,"RHAWN ST","RHAWNWOOD APTS"
38,64,4,3408,"RHAWN ST",""
27,63,9,718,"RHAWN ST",""
18,63,9,714,"RHAWN ST","HELENA MANOR APTS"
13,56,12,2121,"RHAWN ST",""
12,63,3,715,"RHAWN ST",""
12,56,12,2115,"RHAWN ST",""
11,56,11,1811,"RHAWN ST","RHAWN TERRACE APTS"
119,8,10,135,"S 20TH ST","CHATHAM APTS"
31,8,15,37,"S 20TH ST",""
21,8,4,311,"S 20TH ST",""
139,12,15,5457,"WAYNE AVE","GERMANTOWN HOUSE"
76,59,18,6200,"WAYNE AVE","WAYNE MANOR"
49,12,15,5501,"WAYNE AVE","FAIRFAX APTS WAYNE"
46,12,16,5321,"WAYNE AVE","WAYNE IRIS APTS"
44,12,24,5224,"WAYNE AVE","QU WAYNE APTS 5524"
38,12,24,5220,"WAYNE AVE","QU WAYNE APTS 5220"
37,12,15,5427,"WAYNE AVE","COLONIAL GARDENS"
30,59,19,5919,"WAYNE AVE",""
26,12,15,5409,"WAYNE AVE","WAYNE COURT APTS"
20,59,18,6218,"WAYNE AVE",""
19,12,15,5401,"WAYNE AVE",""
15,12,17,5201,"WAYNE AVE",""
12,12,8,5100,"WAYNE AVE",""
11,12,21,4613,"WAYNE AVE",""
11,59,18,6140,"WAYNE AVE",""
149,8,7,22,"S 22ND ST","SIDNEY HILLMAN HOUSE"
26,8,7,30,"S 22ND ST",""
14,8,2,333,"S 22ND ST",""
13,8,27,133,"S 22ND ST",""
13,8,1,403,"S 22ND ST",""
13,48,3,1821,"S 22ND ST",""
12,8,27,131,"S 22ND ST",""
203,53,23,6451,"OXFORD AVE","OXFORD HSE APT BLDG D"
63,23,7,4840,"OXFORD AVE","CARVER HALL APTS"
56,62,7,5231,"OXFORD AVE",""
47,23,6,4901,"OXFORD AVE","MADISON COURT"
47,35,3,7040,"OXFORD AVE",""
47,35,3,7210,"OXFORD AVE","OXFORD AVE APTS 7210"
37,62,6,5051,"OXFORD AVE","OXFORD COURT APTS"
31,62,7,5245,"OXFORD AVE","NORTHWOOD TOWERS"
27,35,3,7110,"OXFORD AVE","PENN MANOR APTS"
21,35,3,7100,"OXFORD AVE",""
19,35,3,7106,"OXFORD AVE",""
17,63,6,7413,"OXFORD AVE",""
16,35,32,6618,"OXFORD AVE",""
15,63,6,7700,"OXFORD AVE",""
13,35,32,6614,"OXFORD AVE","OXFORD TERRACE 6614"
12,23,13,5116,"OXFORD AVE",""
12,63,6,7415,"OXFORD AVE",""
11,62,6,5001,"OXFORD AVE",""
21,46,3,5142,"HAZEL AVE",""
11,46,1,4735,"HAZEL AVE",""
11,46,3,5026,"HAZEL AVE",""
219,17,23,5600,"OGONTZ AVE","OGONTZ MANOR APT BLDG D"
16,10,4,7175,"OGONTZ AVE",""
14,17,18,5700,"OGONTZ AVE","KEMBLE PARK APTS"
12,10,4,7165,"OGONTZ AVE","OGONTZ HALL APTS"
12,50,28,7328,"OGONTZ AVE",""
41,5,12,201,"S 08TH ST",""
18,2,18,744,"S 08TH ST",""
17,2,23,614,"S 08TH ST",""
16,5,4,507,"S 08TH ST",""
11,5,5,419,"S 08TH ST",""
11,2,18,736,"S 08TH ST",""
11,2,4,1218,"S 08TH ST",""
83,36,16,2100,"DICKINSON ST","POINT BREEZE APTS"
13,1,17,120,"DICKINSON ST",""
20,35,3,530,"KNORR ST",""
12,55,25,4100,"KNORR ST",""
11,55,25,4120,"KNORR ST",""
96,47,1,901,"N CARLISLE ST",""
13,13,23,3734,"N CARLISLE ST",""
11,17,21,5212,"N CARLISLE ST",""
12,53,10,1309,"MAGEE AVE",""
11,35,32,747,"MAGEE AVE",""
96,20,6,1300,"W JEFFERSON ST",""
14,34,15,6237,"W JEFFERSON ST",""
12,34,12,6007,"W JEFFERSON ST",""
625,8,24,2001,"HAMILTON ST","CITY VIEW"
153,8,24,1900,"HAMILTON ST","TIVOLI"
83,5,31,907,"HAMILTON ST","GATEWAY CENTER"
25,8,24,2000,"HAMILTON ST",""
20,5,25,1234,"HAMILTON ST",""
14,24,2,3105,"HAMILTON ST",""
13,8,30,1520,"HAMILTON ST",""
12,24,1,3312,"HAMILTON ST","HAMILTON APTS"
11,5,31,1020,"HAMILTON ST",""
38,53,19,929,"TYSON AVE","TYSON ARMS APT"
478,8,8,226,"W RITTENHOUSE SQ","DORCHESTER THE"
183,8,6,1810,"W RITTENHOUSE SQ","RITTENHOUSE SAVOY"
144,8,10,210,"W RITTENHOUSE SQ","RITTENHOUSE"
118,8,10,220,"W RITTENHOUSE SQ","220 W RITTENHOUSE APTS"
73,8,8,222,"W RITTENHOUSE SQ","LINCOLN RITTENHOUSE"
64,8,6,1830,"W RITTENHOUSE SQ","1830 RITTENHOUSE SQ APTS"
58,8,8,1900,"W RITTENHOUSE SQ","1900 RITTENHOUSE APTS"
47,8,6,1706,"W RITTENHOUSE SQ",""
46,8,6,1820,"W RITTENHOUSE SQ",""
13,8,8,2028,"W RITTENHOUSE SQ",""
19,14,5,1001,"WALLACE ST",""
13,15,15,1902,"WALLACE ST",""
11,15,16,1929,"WALLACE ST",""
331,24,10,101,"N 34TH ST","DREXEL UNIV NEW TOWER"
303,24,18,223,"N 34TH ST",""
233,24,18,203,"N 34TH ST","DREXEL UNIV KELLY HALL"
57,24,4,600,"N 34TH ST",""
16,24,2,411,"N 34TH ST",""
11,24,18,204,"N 34TH ST",""
76,6,11,4035,"PARRISH ST",""
16,6,16,4425,"PARRISH ST",""
14,44,11,4813,"PARRISH ST",""
11,6,16,4445,"PARRISH ST",""
88,8,26,1440,"MOUNT VERNON ST",""
32,14,1,1221,"MOUNT VERNON ST",""
15,8,26,1609,"MOUNT VERNON ST",""
15,8,26,1632,"MOUNT VERNON ST",""
254,66,32,3400,"RED LION RD","STEEPLE CHASE 3400"
201,58,18,600,"RED LION RD","BROOKMONT APTS"
147,66,19,3600,"RED LION RD","SHERWOOD CROSSING"
94,58,1,851,"RED LION RD","AMBASSADOR APTS 851"
85,58,10,828,"RED LION RD","AMBASSADOR TWO"
69,58,3,2109,"RED LION RD",""
43,66,37,3651,"RED LION RD","PARK TOWERS APT 3651"
40,58,1,805,"RED LION RD","AMBASSADOR CONDOMINIUM"
11,58,1,809,"RED LION RD",""
56,15,1,825,"N 29TH ST",""
21,15,1,844,"N 29TH ST","BREWERY CONDO SEDGLEY"
25,32,18,1800,"N 25TH ST",""
19,32,18,1810,"N 25TH ST",""
17,32,28,1900,"N 25TH ST",""
16,32,1,1714,"N 25TH ST",""
14,32,28,1910,"N 25TH ST",""
13,32,18,1820,"N 25TH ST",""
11,32,28,1930,"N 25TH ST",""
30,48,7,2627,"MIFFLIN ST",""
98,34,24,1101,"N 63RD ST","OVERBROOK ARMS"
72,34,14,900,"N 63RD ST","OVERBROOK GARDENS"
53,34,15,931,"N 63RD ST",""
30,34,25,2130,"N 63RD ST","PENNBROOK 2130"
14,34,38,225,"N 63RD ST",""
14,34,25,2120,"N 63RD ST","PENNBROOK 2120"
11,34,25,2115,"N 63RD ST",""
27,5,2,247,"S 05TH ST",""
15,2,25,705,"S 05TH ST",""
15,1,7,1734,"S 05TH ST",""
11,2,16,745,"S 05TH ST",""
11,2,12,914,"S 05TH ST",""
12,2,3,630,"FEDERAL ST",""
16,2,26,715,"S 03RD ST",""
13,2,26,777,"S 03RD ST",""
12,5,2,234,"S 03RD ST",""
11,2,26,620,"S 03RD ST",""
11,2,16,770,"S 03RD ST",""
39,32,2,1981,"N WOODSTOCK ST","ACTS WOODSTOCK"
18,11,11,2804,"N WOODSTOCK ST",""
18,11,11,2818,"N WOODSTOCK ST",""
81,8,23,100,"N 22ND ST","THE ARCHES"
25,16,15,2146,"N 22ND ST",""
22,16,15,2140,"N 22ND ST",""
15,8,23,230,"N 22ND ST",""
14,13,19,3635,"N 22ND ST",""
13,8,23,206,"N 22ND ST",""
12,11,8,3040,"N 22ND ST",""
11,29,8,1412,"N 22ND ST",""
11,29,4,1417,"N 22ND ST",""
105,11,9,1531,"W TIOGA ST",""
36,11,12,2100,"W TIOGA ST",""
28,11,10,1828,"W TIOGA ST",""
20,11,12,2120,"W TIOGA ST",""
17,11,15,2107,"W TIOGA ST",""
13,43,14,1243,"W TIOGA ST",""
12,11,12,2114,"W TIOGA ST",""
11,11,12,1902,"W TIOGA ST",""
22,30,11,2029,"MONTROSE ST",""
12,2,11,730,"MONTROSE ST",""
22,56,17,8001,"CASTOR AVE",""
65,48,23,3001,"MOORE ST","GREATER GRAYS FERRY ESTAT"
61,48,7,2600,"MOORE ST",""
243,35,1,800,"COTTMAN AVE","REGENCY PARK"
19,64,12,3040,"COTTMAN AVE",""
16,53,18,1730,"COTTMAN AVE",""
288,56,22,2101,"STRAHLE ST","SAMUEL TABAS HOUSE"
76,56,22,2201,"STRAHLE ST","EMERALD WAY"
26,32,2,2016,"W BERKS ST",""
18,32,28,2535,"W BERKS ST",""
15,32,28,2625,"W BERKS ST",""
14,32,18,2510,"W BERKS ST",""
14,32,18,2620,"W BERKS ST",""
12,18,17,175,"W BERKS ST",""
11,32,18,2520,"W BERKS ST",""
11,32,18,2530,"W BERKS ST",""
11,32,28,2635,"W BERKS ST",""
11,16,2,2334,"N SMEDLEY ST",""
36,5,12,116,"S 07TH ST",""
24,2,17,849,"S 07TH ST",""
18,2,23,718,"S 07TH ST",""
16,2,17,815,"S 07TH ST",""
13,2,23,714,"S 07TH ST",""
12,2,3,1155,"S 07TH ST",""
562,17,23,1900,"W OLNEY AVE",""
43,17,16,2001,"W OLNEY AVE","LA SALLE UNIV ST KATHERIN"
11,17,16,2100,"W OLNEY AVE","LA SALLE UNIV ST MIGUEL"
37,1,13,430,"REED ST",""
18,36,17,2326,"REED ST",""
17,36,28,3115,"REED ST",""
14,1,16,617,"REED ST",""
14,36,36,1501,"REED ST",""
225,20,11,1100,"W MONTGOMERY AVE",""
45,52,22,5200,"W MONTGOMERY AVE","KEVON PARK APTS"
26,52,23,5301,"W MONTGOMERY AVE","KEVON GARDENS"
11,32,8,1715,"W MONTGOMERY AVE",""
65,37,6,1007,"W LEHIGH AVE",""
31,16,18,2216,"W LEHIGH AVE",""
27,19,11,166,"W LEHIGH AVE",""
23,28,17,2729,"W LEHIGH AVE",""
16,28,1,2432,"W LEHIGH AVE",""
12,28,1,2426,"W LEHIGH AVE",""
158,5,13,1100,"VINE ST",""
84,5,27,319,"VINE ST",""
77,5,27,303,"VINE ST","PENNS VIEW APTS"
53,5,30,221,"VINE ST","MARINERS COURT"
48,5,27,509,"VINE ST",""
30,5,27,313,"VINE ST",""
13,5,27,427,"VINE ST",""
11,44,4,5330,"VINE ST",""
89,47,4,1634,"W MASTER ST",""
64,29,10,3000,"W MASTER ST","THE LOFTS"
20,18,14,413,"W MASTER ST","DRUEDING INFIRMARY"
14,29,8,2221,"W MASTER ST",""
12,47,5,1705,"W MASTER ST",""
12,47,5,1707,"W MASTER ST",""
11,47,13,1827,"W MASTER ST",""
24,32,28,1901,"N 27TH ST",""
23,32,28,1866,"N 27TH ST",""
18,32,28,1870,"N 27TH ST",""
18,32,28,1880,"N 27TH ST",""
15,32,28,1900,"N 27TH ST",""
15,32,28,1915,"N 27TH ST",""
14,32,28,1876,"N 27TH ST",""
12,32,3,1723,"N 27TH ST",""
12,32,28,1910,"N 27TH ST",""
111,5,9,311,"S JUNIPER ST",""
39,5,9,247,"S JUNIPER ST","IMPERIAL APTS"
23,39,30,2032,"S JUNIPER ST","LOFT APTS"
14,55,28,6919,"WALKER ST",""
12,65,17,8027,"WALKER ST",""
25,49,6,6201,"N PARK AVE",""
19,37,4,2326,"N PARK AVE",""
13,37,4,2329,"N PARK AVE",""
133,46,22,241,"S 49TH ST",""
44,60,8,242,"S 49TH ST",""
37,51,6,800,"S 49TH ST",""
16,60,2,122,"S 49TH ST",""
15,51,6,902,"S 49TH ST",""
14,46,8,1001,"S 49TH ST",""
13,46,8,1009,"S 49TH ST",""
12,60,2,126,"S 49TH ST",""
11,46,2,546,"S 49TH ST",""
11,46,17,923,"S 49TH ST",""
11,62,26,2946,"DEVEREAUX AVE",""
59,15,1,870,"N 28TH ST","BREWERY CONDO BREWERY HSE"
19,29,15,1428,"N 28TH ST",""
16,29,12,1238,"N 28TH ST",""
286,63,7,8580,"VERREE RD","LAFAYETTE RETIREMENT APTS"
24,63,13,8118,"VERREE RD",""
23,63,13,8112,"VERREE RD",""
22,63,13,8114,"VERREE RD",""
20,63,13,8110,"VERREE RD",""
18,63,13,8116,"VERREE RD",""
18,63,19,8800,"VERREE RD",""
14,63,13,8140,"VERREE RD","SOLLY COURT APTS"
14,58,1,10115,"VERREE RD","CHALFONTE CONDOS"
11,58,1,10113,"VERREE RD",""
13,39,28,615,"MCKEAN ST",""
104,8,7,23,"S 23RD ST",""
45,36,6,1201,"S 23RD ST",""
31,8,9,266,"S 23RD ST",""
23,8,27,125,"S 23RD ST",""
14,8,1,304,"S 23RD ST",""
13,8,27,135,"S 23RD ST",""
13,65,8,8552,"MARSDEN ST",""
56,32,26,2133,"N 33RD ST","PARK LANE APTS"
22,32,26,2137,"N 33RD ST",""
16,24,1,311,"N 33RD ST",""
11,24,1,312,"N 33RD ST",""
11,24,1,319,"N 33RD ST",""
12,32,11,1904,"W DIAMOND ST",""
11,32,7,1637,"W DIAMOND ST",""
11,32,12,1745,"W DIAMOND ST",""
11,32,12,1833,"W DIAMOND ST",""
71,7,10,3950,"D ST",""
19,35,3,6800,"BINGHAM ST","BINGHAM COURT"
43,45,15,3255,"BELGRADE ST",""
23,56,1,2300,"HARTEL AVE","HARTEL COURT APTS"
33,50,24,7441,"LIMEKILN PIKE","ROBERT COURT APTS"
93,40,5,2100,"S 58TH ST","MARYFIELD APTS"
63,40,5,2000,"S 58TH ST","PRESBYTERIAN APARTMENTS"
40,3,18,1100,"S 58TH ST","HOFFMAN PLACE"
13,51,23,1209,"S 58TH ST",""
11,60,19,280,"S 58TH ST",""
128,66,18,9951,"ACADEMY RD","CANTERBURY COURT"
95,66,41,12135,"ACADEMY RD","LIBERTY ESTATES 12135"
83,57,18,9115,"ACADEMY RD","ACADEMY APTS"
55,57,21,9181,"ACADEMY RD","LINDEN COURT APT BLDG A"
13,66,15,11913,"ACADEMY RD",""
100,35,5,6500,"TABOR AVE","PHILA PROTESTANT HOME"
96,35,5,6555,"TABOR AVE","PHILA PROTESTANT HM 6555"
87,35,5,6505,"TABOR AVE","PHILA PROTESTANT HM 6505"
60,35,5,6575,"TABOR AVE","PHILA PROTESTANT HM 6575"
24,35,12,6000,"TABOR AVE","TABOR GARDENS 6000"
23,35,12,6010,"TABOR AVE","TABOR GARDENS 6010"
19,35,32,6730,"TABOR AVE",""
14,35,12,6020,"TABOR AVE","TABOR GARDENS 6020"
460,27,18,3901,"LOCUST WK","U OF P HRN"
457,27,21,3820,"LOCUST WK","U OF P HARNWELL HRE"
29,27,18,3700,"LOCUST WK",""
20,27,18,3619,"LOCUST WK",""
19,27,18,3706,"LOCUST WK",""
15,27,18,3637,"LOCUST WK",""
14,27,18,3809,"LOCUST WK",""
11,27,18,3627,"LOCUST WK",""
20,60,12,231,"S 51ST ST",""
103,18,10,1714,"MEMPHIS ST",""
53,18,7,410,"MEMPHIS ST",""
121,24,19,115,"N 32ND ST",""
11,24,2,501,"N 32ND ST",""
33,51,5,5000,"SPRINGFIELD AVE",""
18,46,16,4520,"SPRINGFIELD AVE",""
11,46,16,4500,"SPRINGFIELD AVE",""
203,52,12,2600,"BELMONT AVE","INGLIS HOUSE"
187,52,9,2101,"BELMONT AVE","SIMPSON HOUSE"
112,6,18,1030,"BELMONT AVE","STEVEN SMITH TOWERS"
86,52,11,2746,"BELMONT AVE","BEEKMAN PLACE"
34,6,18,900,"BELMONT AVE",""
32,52,12,2560,"BELMONT AVE",""
31,52,12,2564,"BELMONT AVE",""
28,52,12,2210,"BELMONT AVE","HAYES HOME"
23,52,12,2610,"BELMONT AVE",""
13,51,25,5601,"KINGSESSING AVE",""
11,46,8,4609,"KINGSESSING AVE",""
64,59,10,6322,"CHEW AVE",""
25,59,10,6300,"CHEW AVE",""
23,59,10,6320,"CHEW AVE",""
12,59,10,6310,"CHEW AVE",""
11,59,10,6340,"CHEW AVE",""
280,25,15,2913,"KENSINGTON AVE",""
55,31,8,2441,"KENSINGTON AVE","ST FRANCIS INN"
36,45,10,3317,"KENSINGTON AVE",""
31,31,2,2440,"KENSINGTON AVE",""
25,7,23,2854,"KENSINGTON AVE",""
23,25,15,2909,"KENSINGTON AVE",""
19,31,2,2638,"KENSINGTON AVE",""
14,25,14,2811,"KENSINGTON AVE",""
14,45,19,3521,"KENSINGTON AVE",""
13,31,12,2625,"KENSINGTON AVE",""
13,23,1,4150,"KENSINGTON AVE",""
11,7,23,2846,"KENSINGTON AVE",""
49,56,5,7801,"ALGON AVE","ALGON ARMS APT"
40,56,4,7320,"ALGON AVE",""
34,56,5,7900,"ALGON AVE","BARRIE PLACE"
24,56,19,8100,"ALGON AVE","AMHERST APTS"
19,56,5,7820,"ALGON AVE","ALGONQUIN PLAZA BLDG D"
16,56,5,7810,"ALGON AVE",""
40,18,17,1850,"N HOPE ST",""
15,18,1,1310,"N HOPE ST",""
13,18,17,2007,"N HOPE ST",""
124,11,16,2104,"W VENANGO ST","VENANGO HOUSE"
58,13,19,2101,"W VENANGO ST","AMBASSADOR APTS 2101"
47,13,19,2201,"W VENANGO ST","PLYMOUTH HALL APTS"
31,11,16,2100,"W VENANGO ST",""
15,50,24,7527,"THOURON AVE",""
22,43,14,1238,"W ERIE AVE",""
13,43,17,722,"W ERIE AVE",""
28,22,22,500,"E UPSAL ST","UPSAL APTS"
24,22,26,615,"E UPSAL ST","ARDLEIGH GARDENS"
20,22,15,329,"E UPSAL ST",""
104,52,17,5100,"LEBANON AVE","BRYN MAWR TOWERS"
242,52,3,3900,"CITY AVE",""
237,34,25,6100,"CITY AVE",""
182,52,12,4700,"CITY AVE","PRESBYTERIAN HOME FOR AGE"
45,52,14,4920,"CITY AVE","BALA APTS BLDG A"
43,52,14,5320,"CITY AVE",""
37,52,5,5600,"CITY AVE",""
32,52,14,5200,"CITY AVE",""
31,52,3,3901,"CITY AVE",""
23,52,3,3903,"CITY AVE","PRES CITY APTS C JEFFERSON"
16,34,25,6300,"CITY AVE",""
14,52,3,3902,"CITY AVE","PRES CITY APTS B ADAMS"
11,34,25,6318,"CITY AVE",""
26,52,21,1606,"N 52ND ST",""
19,44,18,516,"N 52ND ST",""
171,58,5,301,"BYBERRY RD","CAROUSEL STATION BLDG G"
127,58,40,110,"BYBERRY RD",""
122,58,25,450,"BYBERRY RD","FOREST STATION APTS"
92,58,35,730,"BYBERRY RD",""
64,58,40,300,"BYBERRY RD",""
56,58,35,780,"BYBERRY RD","SIDEWATER HOUSE"
17,58,40,290,"BYBERRY RD",""
164,56,38,2201,"TREMONT ST","ST REGIS APTS WEST BLDG E"
143,56,38,2301,"TREMONT ST",""
127,56,29,2350,"TREMONT ST","PLAZA TOWERS"
24,56,39,2200,"TREMONT ST","GREEN TERRACE APTS N"
18,56,39,2100,"TREMONT ST","WINMONT APTS N"
56,4,13,230,"N 57TH ST","ST MATTHEWS MANOR"
11,50,18,8245,"WILLIAMS AVE",""
16,11,11,2828,"N LAMBERT ST",""
14,11,11,2810,"N LAMBERT ST",""
14,11,11,2818,"N LAMBERT ST",""
14,11,11,2819,"N LAMBERT ST",""
11,11,11,2829,"N LAMBERT ST",""
53,17,8,2103,"W GODFREY AVE","CORINTHIAN SQ SENIOR APTS"
47,49,3,1100,"W GODFREY AVE","ACADEMIA SUITES"
22,17,5,1725,"W GODFREY AVE",""
51,5,32,1136,"N AMERICAN ST",""
23,5,21,603,"N AMERICAN ST",""
17,5,32,822,"N AMERICAN ST",""
14,5,32,916,"N AMERICAN ST",""
14,19,3,3509,"N AMERICAN ST",""
13,5,32,1102,"N AMERICAN ST",""
12,5,32,1030,"N AMERICAN ST",""
11,64,15,2715,"STANWOOD ST",""
13,2,27,116,"PEMBERTON ST",""
28,34,24,2029,"N 62ND ST",""
70,52,16,5000,"WOODBINE AVE","FAIRWAY PLAZA APTS"
153,20,9,1000,"DIAMOND ST",""
33,29,15,1429,"N NEWKIRK ST",""
27,15,1,838,"N NEWKIRK ST",""
43,52,22,1717,"N 54TH ST",""
42,44,7,519,"N 54TH ST",""
33,52,18,2001,"N 54TH ST",""
14,4,4,1238,"N 54TH ST",""
11,44,4,219,"N 54TH ST",""
11,4,3,626,"N 54TH ST",""
11,44,2,1451,"N 54TH ST",""
56,64,12,7201,"REVERE ST","REVERE COURT"
12,8,14,311,"S HICKS ST",""
181,21,23,2979,"W SCHOOL HOUSE LN","KENILWORTH THE"
146,21,23,2991,"W SCHOOL HOUSE LN","BLYTHEWOOD ESTATES"
129,21,23,2967,"W SCHOOL HOUSE LN","CAMBRIDGE THE"
39,12,22,421,"W SCHOOL HOUSE LN","SCHOOL LANE VILLAGE II"
35,12,15,125,"W SCHOOL HOUSE LN","MAPLEWOOD MANOR"
27,12,22,437,"W SCHOOL HOUSE LN","CLOVERLY APTS"
25,38,13,3464,"W SCHOOL HOUSE LN",""
24,38,20,3600,"W SCHOOL HOUSE LN",""
14,12,22,301,"W SCHOOL HOUSE LN",""
13,12,15,235,"W SCHOOL HOUSE LN","IRIS HOUSE"
12,38,11,3120,"W SCHOOL HOUSE LN",""
44,59,1,1300,"E TULPEHOCKEN ST",""
31,59,8,360,"E TULPEHOCKEN ST",""
16,4,17,1501,"N 59TH ST",""
43,59,4,6200,"ARDLEIGH ST",""
11,22,23,7120,"ARDLEIGH ST",""
11,37,18,2724,"N DARIEN ST",""
20,26,22,1425,"SNYDER AVE",""
52,46,8,1008,"S 48TH ST",""
46,46,22,216,"S 48TH ST",""
39,46,19,419,"S 48TH ST","OSAGE GARDEN BLDG B"
36,46,7,424,"S 48TH ST",""
31,46,7,414,"S 48TH ST","SYLVANIA GARDENS BLDG B"
27,46,22,236,"S 48TH ST","GLADMORE APTS"
27,46,19,429,"S 48TH ST","OSAGE GARDEN BLDG A"
25,60,23,131,"S 48TH ST","AQUILA APTS"
25,46,22,237,"S 48TH ST","ADMIRAL COURT BLDG A"
11,46,17,901,"S 48TH ST",""
121,2,9,1101,"WASHINGTON AVE",""
23,2,8,1200,"WASHINGTON AVE",""
21,36,34,1516,"WASHINGTON AVE",""
15,2,3,504,"WASHINGTON AVE",""
30,32,16,1901,"N JUDSON ST",""
14,32,16,1900,"N JUDSON ST",""
481,61,12,155,"E GODFREY AVE",""
24,35,23,851,"E GODFREY AVE","GODFREY COURT APTS"
11,45,19,1819,"E TIOGA ST",""
11,45,13,2067,"E TIOGA ST",""
67,30,16,600,"S 24TH ST",""
28,8,28,312,"S 24TH ST",""
13,8,9,251,"S 24TH ST",""
11,8,9,212,"S 24TH ST",""
22,23,2,4445,"PENN ST",""
14,62,6,5008,"PENN ST",""
13,23,6,4801,"PENN ST",""
12,23,6,4833,"PENN ST",""
12,23,6,4834,"PENN ST",""
288,24,6,3400,"LANCASTER AVE",""
69,24,6,3514,"LANCASTER AVE",""
22,34,25,6355,"LANCASTER AVE",""
16,24,8,3862,"LANCASTER AVE",""
75,12,4,607,"E CHURCH LN","TARLETON HOUSE"
54,12,6,557,"E CHURCH LN","PENN LEE COURT"
49,12,5,600,"E CHURCH LN",""
23,12,4,705,"E CHURCH LN",""
17,12,4,709,"E CHURCH LN",""
11,12,4,723,"E CHURCH LN",""
14,65,9,8629,"GILLESPIE ST",""
27,25,20,1940,"E ALLEGHENY AVE",""
20,25,20,1952,"E ALLEGHENY AVE",""
13,25,21,2022,"E ALLEGHENY AVE",""
55,50,7,1133,"E MOUNT AIRY AVE","ANDOVER APTS"
54,50,9,1061,"E MOUNT AIRY AVE",""
50,50,17,1651,"E MOUNT AIRY AVE","MT AIRY ARMS BLDG A"
37,50,17,1601,"E MOUNT AIRY AVE","MT AIRY ARMS BLDG B"
33,50,7,1116,"E MOUNT AIRY AVE","WADSWORTH MANOR 1116"
26,50,7,1100,"E MOUNT AIRY AVE","WADSWORTH MANOR 1100"
17,3,14,644,"S 60TH ST",""
54,44,13,400,"N 50TH ST","SENIOR CITIZENS APTS"
32,52,14,2465,"N 50TH ST",""
28,44,10,453,"N 50TH ST",""
13,44,8,120,"N 50TH ST",""
12,52,14,2491,"N 50TH ST","BALA APTS BLDG D"
12,52,14,2495,"N 50TH ST","BALA APTS BLDG C"
16,46,8,1100,"S 46TH ST",""
15,46,23,207,"S 46TH ST",""
13,46,23,315,"S 46TH ST","KINGSBERRY APTS"
11,46,16,1009,"S 46TH ST",""
11,46,8,1108,"S 46TH ST",""
26,59,2,1240,"E WASHINGTON LN","AWBURY MANOR BLDG B"
17,59,2,1262,"E WASHINGTON LN","AWBURY MANOR BLDG A"
12,59,2,1200,"E WASHINGTON LN",""
11,59,15,42,"E WASHINGTON LN",""
11,59,10,427,"E WASHINGTON LN",""
29,31,8,2450,"EMERALD ST",""
16,5,17,845,"N ORIANNA ST",""
17,58,18,9984,"FERNDALE ST",""
67,64,1,3501,"SOLLY AVE",""
22,63,13,415,"SOLLY AVE",""
18,59,8,332,"E WALNUT LN",""
13,59,7,129,"E WALNUT LN",""
56,32,19,2600,"W SUSQUEHANNA AVE","CLARA BALDWIN MANOR"
28,37,2,1307,"W SUSQUEHANNA AVE",""
22,32,12,1700,"W SUSQUEHANNA AVE",""
18,16,2,1421,"W SUSQUEHANNA AVE",""
13,16,15,2222,"W SUSQUEHANNA AVE",""
12,37,2,1303,"W SUSQUEHANNA AVE",""
11,19,12,116,"W SUSQUEHANNA AVE",""
746,8,22,2200,"BEN FRANKLIN PKW","PARK TOWNE PLACE BLDG E"
73,8,17,1700,"BEN FRANKLIN PKW","OAKWOOD AT THE WINDSOR"
12,60,17,5512,"CHANCELLOR ST",""
24,59,16,100,"E PRICE ST",""
12,59,16,209,"E PRICE ST",""
12,59,4,1020,"E PRICE ST",""
21,32,13,2003,"W NORRIS ST",""
24,34,6,1241,"N 60TH ST",""
11,46,4,534,"S 52ND ST",""
41,44,11,4910,"WYALUSING AVE",""
31,4,2,5630,"WYALUSING AVE",""
23,44,11,4810,"WYALUSING AVE",""
22,4,3,5437,"WYALUSING AVE",""
17,44,11,4820,"WYALUSING AVE",""
16,44,11,4830,"WYALUSING AVE",""
16,44,7,5310,"WYALUSING AVE",""
12,44,11,4840,"WYALUSING AVE",""
189,57,2,3100,"GRANT AVE","GRANT MEADOWS"
47,56,35,2128,"GRANT AVE","GRANT GARDENS 2128"
23,58,11,1700,"GRANT AVE",""
20,56,35,2062,"GRANT AVE",""
40,22,25,740,"E VERNON RD","STENTON HALL APTS"
39,22,24,811,"E VERNON RD","CRETTENDEN MANOR BLDG 3"
32,22,24,615,"E VERNON RD",""
21,22,24,625,"E VERNON RD",""
52,12,24,245,"W QUEEN LN","ENON TOLAND APTS"
31,38,17,2809,"W QUEEN LN",""
14,38,17,3026,"W QUEEN LN",""
11,38,17,2911,"W QUEEN LN","CARLTON PARK 2911"
11,38,17,3024,"W QUEEN LN",""
106,7,17,200,"E SOMERSET ST","SOMERSET VILLAS"
123,22,10,259,"W JOHNSON ST","GREENE MANOR APTS"
68,22,3,315,"W JOHNSON ST",""
47,22,10,221,"W JOHNSON ST","NUGENT HOME RETIRED"
46,59,25,370,"W JOHNSON ST","WOOD NORTON APTS"
41,22,10,101,"W JOHNSON ST","PRESSER HOUSE"
36,59,25,330,"W JOHNSON ST","JOHNSON PARK MANOR"
35,22,3,345,"W JOHNSON ST","FAIRMOUNT THE"
26,22,3,357,"W JOHNSON ST","FAIRMOUNT APTS"
190,8,24,1901,"CALLOWHILL ST",""
125,8,25,1666,"CALLOWHILL ST","LOFTS AT LOGAN VIEW"
64,5,25,1238,"CALLOWHILL ST","APARTMENTS 1238"
68,49,3,901,"W CHAMPLOST ST","313"
12,17,14,1806,"W CHAMPLOST ST",""
94,22,5,6635,"MCCALLUM ST","MCCALLUM MANOR APTS"
68,22,5,6655,"MCCALLUM ST","MALVERN HALL APTS"
37,59,22,6100,"MCCALLUM ST",""
15,9,15,7141,"MCCALLUM ST",""
11,34,17,307,"N 65TH ST",""
17,2,6,1201,"LATONA ST",""
662,27,22,310,"S 36TH ST",""
45,27,11,20,"S 36TH ST","DIVINE TRACY HOTEL"
15,27,18,250,"S 36TH ST","U OF P COMMUNITY"
151,40,11,6901,"WOODLAND AVE","SELF INC WOODLAND"
16,27,15,4619,"WOODLAND AVE",""
186,66,41,3501,"WOODHAVEN RD","TWN HMS OF REGENCY PLACE"
161,66,39,3850,"WOODHAVEN RD","FRANKLIN SQ TWN 501 512"
98,66,24,3750,"WOODHAVEN RD","FRANKLIN SQ TWN 1201 1218"
69,66,20,4200,"WOODHAVEN RD",""
62,66,12,3201,"WOODHAVEN RD","LIBERTY CROSSING APTS"
43,66,1,3101,"WOODHAVEN RD","CHESTNUT COVE APTS"
12,4,6,1656,"N 55TH ST",""
11,4,5,1643,"N 55TH ST",""
18,13,11,1435,"W ROCKLAND ST",""
14,13,11,1422,"W ROCKLAND ST",""
12,49,11,1309,"W ROCKLAND ST",""
49,5,18,410,"S FRONT ST",""
48,5,1,22,"S FRONT ST",""
18,2,27,772,"S FRONT ST",""
18,2,27,778,"S FRONT ST",""
17,5,1,106,"S FRONT ST",""
17,5,1,110,"S FRONT ST",""
77,5,28,1212,"LUDLOW ST",""
44,5,28,1101,"LUDLOW ST",""
31,3,2,6011,"LUDLOW ST",""
14,3,2,6027,"LUDLOW ST",""
48,49,17,1220,"LINDLEY AVE","LINDLEY TOWER"
30,49,17,1300,"LINDLEY AVE","LINDLEY COURT APTS"
23,17,23,1831,"LINDLEY AVE","LA SALLE UNIV ST NEUMAN"
104,21,36,3901,"MANAYUNK AVE","MANAYUNK APTS"
23,51,5,5112,"REGENT ST",""
14,51,5,5111,"REGENT ST",""
13,51,5,5115,"REGENT ST",""
12,51,5,5116,"REGENT ST",""
11,51,5,5120,"REGENT ST",""
35,23,7,1320,"FOULKROD ST","NORTHWOOD MANOR APTS"
14,23,7,1346,"FOULKROD ST",""
12,23,7,1342,"FOULKROD ST",""
48,34,25,6351,"OVERBROOK AVE","LINCOLN COURT APTS"
36,34,25,6050,"OVERBROOK AVE","ASHWOOD APTS"
35,52,20,6051,"OVERBROOK AVE",""
15,34,25,6301,"OVERBROOK AVE",""
36,22,14,262,"E CLIVEDEN ST","CILVEDEN ST EAST APTS"
29,22,14,49,"E CLIVEDEN ST","CLIVEDEN APTS"
14,22,14,45,"E CLIVEDEN ST",""
13,22,21,395,"E CLIVEDEN ST",""
11,10,29,1504,"E CLIVEDEN ST",""
13,39,32,915,"EMILY ST",""
12,56,36,1709,"LANSING ST","LANSING GARDENS"
25,37,17,2831,"N HUTCHINSON ST",""
11,28,12,2508,"N 30TH ST",""
46,49,3,1101,"W SPENCER ST","PENNA COLL OF OPTOM 1101"
36,49,3,900,"W SPENCER ST","SPENCER PLACE APTS"
13,49,3,1020,"W SPENCER ST",""
22,23,15,2116,"ORTHODOX ST",""
11,23,5,1414,"ORTHODOX ST",""
13,34,7,1528,"N REDFIELD ST",""
11,34,7,1544,"N REDFIELD ST",""
29,52,5,2331,"N 58TH ST","OVERBROOK COURT APTS"
11,56,5,7922,"DORCAS ST",""
18,15,10,1627,"OGDEN ST",""
12,6,11,4040,"OGDEN ST",""
100,27,16,710,"S 42ND ST",""
51,27,7,510,"S 42ND ST",""
38,27,9,329,"S 42ND ST","SURREY HALL APTS"
22,27,16,708,"S 42ND ST",""
19,27,5,413,"S 42ND ST",""
16,27,5,411,"S 42ND ST",""
13,27,1,204,"S 42ND ST",""
13,27,23,326,"S 42ND ST",""
12,27,1,207,"S 42ND ST",""
12,27,5,415,"S 42ND ST",""
11,27,1,233,"S 42ND ST",""
114,24,18,3320,"POWELTON AVE","DREXEL VAN RENSSELAER"
106,24,6,3500,"POWELTON AVE","THE COURTS AT POWELTON"
21,6,1,4052,"POWELTON AVE",""
20,24,8,3827,"POWELTON AVE",""
12,24,1,3409,"POWELTON AVE",""
11,24,1,3331,"POWELTON AVE",""
11,24,5,3601,"POWELTON AVE","LEXINGTON APTS"
141,52,13,4991,"PARKSIDE AVE","PARKSIDE VILLAGE APTS"
42,6,15,4130,"PARKSIDE AVE","BRANTWOOD APTS"
17,6,15,4108,"PARKSIDE AVE",""
15,6,15,4142,"PARKSIDE AVE",""
57,44,2,5353,"MASTER ST","SIMPSON FLETCHER HOUSE"
18,51,14,5113,"FLORENCE AVE",""
11,46,17,4811,"FLORENCE AVE",""
47,49,9,630,"W FISHER AVE",""
11,22,23,322,"E DURHAM ST",""
47,23,6,4925,"SAUL ST","JEFFERSON COURT APTS"
76,32,28,2653,"W GLENWOOD AVE",""
39,32,10,3101,"W GLENWOOD AVE","209"
25,16,16,2440,"W GLENWOOD AVE",""
16,16,16,2322,"W GLENWOOD AVE",""
13,16,16,2312,"W GLENWOOD AVE",""
13,16,16,2340,"W GLENWOOD AVE",""
13,16,16,2400,"W GLENWOOD AVE",""
12,16,16,2330,"W GLENWOOD AVE",""
11,16,16,2420,"W GLENWOOD AVE",""
68,27,17,1450,"S 50TH ST",""
34,60,8,315,"S 50TH ST",""
17,60,9,314,"S 50TH ST",""
16,60,12,209,"S 50TH ST",""
16,60,12,228,"S 50TH ST",""
19,23,20,1661,"HARRISON ST",""
11,23,20,1655,"HARRISON ST",""
11,23,20,1688,"HARRISON ST",""
67,34,34,1120,"N 66TH ST","LOTUS VILLAGE BLDG A"
31,34,22,1121,"N 66TH ST","LOTUS VILLAGE BLDG B"
47,27,10,315,"S 45TH ST","ROYAL PALM COURT"
18,27,14,245,"S 45TH ST",""
15,46,23,328,"S 45TH ST",""
14,46,23,332,"S 45TH ST",""
14,27,23,419,"S 45TH ST",""
12,46,23,230,"S 45TH ST",""
433,59,20,633,"W RITTENHOUSE ST",""
71,59,17,22,"W RITTENHOUSE ST",""
17,59,19,251,"W RITTENHOUSE ST",""
11,59,19,243,"W RITTENHOUSE ST",""
369,52,10,3900,"FORD RD",""
121,52,8,4051,"FORD RD",""
89,52,8,4001,"FORD RD",""
378,8,25,1,"FRANKLIN TOWN BLV ","ONE FRANKLIN TOWN BLVD"
302,8,25,2,"FRANKLIN TOWN BLV ","THE WATERMARK"
20,31,1,2042,"AMBER ST",""
32,56,21,2401,"HOFFNAGLE ST","LONGWOOD MANOR BLDG A"
22,56,23,1625,"HOFFNAGLE ST",""
18,56,23,1635,"HOFFNAGLE ST","PEARL GATE MANOR"
15,56,23,1725,"HOFFNAGLE ST","CONCORD APTS 1725"
14,63,14,307,"HOFFNAGLE ST",""
48,56,21,2401,"BENSON ST","LONGWOOD MANOR BLDG C"
46,56,21,2400,"BENSON ST","LONGWOOD MANOR BLDG B"
14,59,8,423,"E HAINES ST",""
16,8,1,2310,"DELANCEY PL",""
15,8,4,1730,"DELANCEY PL",""
15,8,2,2100,"DELANCEY PL",""
11,8,2,2011,"DELANCEY PL",""
20,31,3,2135,"E SUSQUEHANNA AVE",""
14,18,11,1401,"E SUSQUEHANNA AVE",""
163,22,8,229,"W UPSAL ST","PELHAM PARK APTS"
158,22,10,246,"W UPSAL ST","UPSAL GARDEN APTS"
18,22,8,333,"W UPSAL ST",""
81,21,40,6901,"VALLEY AVE","VALLEY APTS"
11,21,41,7398,"VALLEY AVE",""
63,22,29,944,"E JOHNSON ST",""
24,59,13,250,"E JOHNSON ST",""
23,22,28,1300,"E JOHNSON ST",""
22,22,28,1310,"E JOHNSON ST","JOHNSON COURT"
18,22,28,1320,"E JOHNSON ST",""
13,59,12,16,"E JOHNSON ST",""
11,59,13,248,"E JOHNSON ST","WINCREST APTS"
84,29,10,1363,"N 31ST ST",""
19,29,10,1415,"N 31ST ST",""
22,30,11,2000,"KIMBALL ST",""
13,5,11,248,"S CAMAC ST",""
104,12,8,507,"W MANHEIM ST",""
78,12,8,549,"W MANHEIM ST",""
66,13,5,430,"W MANHEIM ST",""
14,12,18,122,"W MANHEIM ST",""
11,12,18,162,"W MANHEIM ST",""
140,59,17,515,"W CHELTEN AVE",""
99,12,15,18,"W CHELTEN AVE","INTERFAITH HOUSE"
50,59,17,319,"W CHELTEN AVE","CHELTEN PLACE"
38,59,17,425,"W CHELTEN AVE","PRESIDENT APTS"
32,12,22,500,"W CHELTEN AVE","CHELTEN ARMS"
13,12,22,326,"W CHELTEN AVE",""
12,59,17,427,"W CHELTEN AVE","BEL AIR APTS"
26,56,3,1730,"TEESDALE ST",""
19,14,1,1201,"BRANDYWINE ST",""
13,15,15,1938,"BRANDYWINE ST",""
11,8,26,1508,"BRANDYWINE ST",""
98,24,6,55,"N 40TH ST","CENTER POST APTS"
24,24,7,611,"N 40TH ST",""
22,24,8,415,"N 40TH ST",""
17,24,8,407,"N 40TH ST",""
12,24,8,335,"N 40TH ST",""
11,6,3,420,"N 40TH ST",""
36,59,16,101,"E CHELTEN AVE",""
28,12,6,500,"E CHELTEN AVE",""
27,59,5,717,"E CHELTEN AVE",""
13,59,16,301,"E CHELTEN AVE",""
14,22,23,301,"E MOUNT PLEASANT AVE","ARDLEIGH MANOR APTS"
11,3,16,5901,"COBBS CREEK PKW",""
11,16,14,2319,"N BEECHWOOD ST",""
326,57,27,9601,"ASHTON RD","VICTORIA WOODS"
52,57,27,9305,"ASHTON RD","SANDLEWOOD APTS"
45,57,27,9401,"ASHTON RD",""
88,9,17,7601,"CRITTENDEN ST","COBBLESTONE OF CHSNT HILL"
64,59,1,6201,"CRITTENDEN ST","WASHINGTON LA APTS BLDG H"
23,9,16,7715,"CRITTENDEN ST",""
19,22,24,6801,"CRITTENDEN ST","CRITTENDEN MANOR BLDG 1"
18,22,28,6325,"CRITTENDEN ST",""
11,22,24,6813,"CRITTENDEN ST","CRITTENDEN MANOR BLDG 2"
27,31,3,2152,"E DAUPHIN ST",""
11,31,9,1924,"E DAUPHIN ST",""
11,31,3,2136,"E DAUPHIN ST",""
13,12,3,5606,"BOYER ST",""
84,21,7,161,"LEVERINGTON AVE",""
60,21,8,100,"LEVERINGTON AVE",""
43,21,27,631,"LEVERINGTON AVE","LEVERINGTON COURT APTS"
15,21,8,4,"LEVERINGTON AVE",""
92,36,25,1701,"S 28TH ST",""
14,63,2,7840,"HASBROOK AVE",""
35,24,1,3209,"BARING ST",""
22,6,3,4001,"BARING ST",""
15,6,3,4011,"BARING ST",""
11,24,1,3417,"BARING ST",""
11,24,5,3509,"BARING ST",""
11,24,5,3616,"BARING ST",""
11,6,1,4030,"BARING ST",""
92,47,11,1710,"N CROSKEY ST","BENTLY HALL"
69,32,15,1850,"N CROSKEY ST",""
11,40,1,6506,"DICKS AVE",""
66,5,26,225,"CHURCH ST","SUGAR REFINERY"
50,5,26,224,"CHURCH ST",""
43,5,26,222,"CHURCH ST","CHURCH ST APTS"
22,5,26,103,"CHURCH ST",""
20,5,26,102,"CHURCH ST",""
17,5,26,210,"CHURCH ST",""
15,5,26,122,"CHURCH ST",""
11,28,18,2710,"N RINGGOLD ST",""
44,22,20,6640,"SPRAGUE ST","KENTWELL HALL APTS"
32,59,4,5725,"SPRAGUE ST",""
17,22,23,7125,"SPRAGUE ST",""
11,22,23,7123,"SPRAGUE ST",""
56,23,7,4712,"LEIPER ST",""
54,23,5,4616,"LEIPER ST","SORENSEN ARMS"
52,23,7,4716,"LEIPER ST",""
20,23,7,4747,"LEIPER ST",""
15,23,5,4605,"LEIPER ST",""
13,23,7,4705,"LEIPER ST",""
12,23,5,4511,"LEIPER ST",""
11,23,5,4637,"LEIPER ST",""
553,5,3,604,"S WASHINGTON SQ","HOPKINSON HOUSE"
12,34,23,6312,"SHERWOOD RD","HASTING MANOR FLOOR A"
57,46,22,220,"S 47TH ST",""
43,46,17,801,"S 47TH ST","UNIVERSITY APTS"
29,46,19,351,"S 47TH ST","GARDEN COURT B APTS"
28,46,8,1108,"S 47TH ST",""
23,46,1,500,"S 47TH ST","LARCHWOOD TERRACE APTS"
14,46,22,241,"S 47TH ST",""
11,46,17,907,"S 47TH ST",""
76,57,7,2661,"WILLITS RD","WELSHWOOD APTS SYCAMORE"
71,57,7,2669,"WILLITS RD","WELSHWOOD APTS LINDEN"
61,57,7,2665,"WILLITS RD","WELSHWOOD APTS DOGWOOD"
43,57,17,3324,"WILLITS RD","THOMAS HOLME APTS"
11,57,7,2707,"WILLITS RD",""
65,40,5,2001,"S 59TH ST",""
13,65,17,4411,"SHEFFIELD ST",""
97,65,12,7979,"STATE RD","RIVERVIEW"
89,65,4,9503,"STATE RD","HARBOR VIEW TOWERS"
34,65,4,9501,"STATE RD",""
20,65,4,9527,"STATE RD",""
20,65,4,9529,"STATE RD",""
18,65,4,9523,"STATE RD",""
12,65,4,9517,"STATE RD",""
11,16,2,1630,"W YORK ST",""
183,5,10,3,"N COLUMBUS BLV","PIER 3 PENNS LANDING"
166,5,10,7,"N COLUMBUS BLV","PIER 5 PENNS LANDING"
161,5,30,250,"N COLUMBUS BLV",""
46,5,10,31,"N COLUMBUS BLV","PIER 3 PENNS LANDING"
18,51,14,5020,"PENTRIDGE ST",""
134,8,23,2301,"CHERRY ST","RIVERS EDGE"
49,8,23,2201,"CHERRY ST",""
40,5,24,801,"CHERRY ST","PA COLG PODIATRIC DORMS"
36,5,24,910,"CHERRY ST",""
19,8,19,2039,"CHERRY ST","MOORE COL ART SARTAIN"
16,5,24,1025,"CHERRY ST",""
14,6,13,4329,"WESTMINSTER AVE",""
12,6,16,4652,"WESTMINSTER AVE",""
41,56,36,7801,"LANGDON ST",""
42,27,5,506,"S 41ST ST","FLORENCE GARDENS"
24,27,9,219,"S 41ST ST",""
23,27,9,213,"S 41ST ST",""
20,27,6,121,"S 41ST ST",""
14,27,5,416,"S 41ST ST",""
14,27,5,503,"S 41ST ST",""
12,27,1,208,"S 41ST ST",""
12,27,9,221,"S 41ST ST",""
12,27,9,239,"S 41ST ST",""
12,27,9,317,"S 41ST ST",""
12,27,5,403,"S 41ST ST",""
11,27,1,202,"S 41ST ST",""
11,27,1,206,"S 41ST ST",""
11,27,9,311,"S 41ST ST",""
11,27,9,315,"S 41ST ST",""
11,27,5,508,"S 41ST ST",""
12,49,1,705,"W WINGOHOCKING ST",""
240,13,18,1717,"W HUNTING PARK AVE","OPPORTUNITY TOWER"
33,13,18,1727,"W HUNTING PARK AVE","OPPORTUNITY TOWERS"
20,43,1,1315,"W HUNTING PARK AVE",""
19,13,19,2113,"W HUNTING PARK AVE",""
12,13,19,2115,"W HUNTING PARK AVE",""
18,34,25,6063,"DREXEL RD",""
39,21,26,616,"WALNUT LN","CAMARON APTS"
23,21,24,700,"WALNUT LN","WALNUT LANE WEST"
13,21,24,685,"WALNUT LN","PARK PLAZA APTS"
18,56,17,7961,"SUMMERDALE AVE",""
171,58,27,9926,"HALDEMAN AVE",""
82,58,31,10714,"HALDEMAN AVE","HALDEMAN MANOR"
24,58,27,9815,"HALDEMAN AVE",""
23,58,27,9801,"HALDEMAN AVE","BEECHWOOD 9801 FLOOR A"
19,58,27,9805,"HALDEMAN AVE","BEECHWOOD 9805 FLOOR C"
19,58,27,9811,"HALDEMAN AVE","BEECHWOOD 9811 FLOOR A"
16,58,27,9803,"HALDEMAN AVE","BEECHWOOD 9803 FLOOR C"
15,58,27,9809,"HALDEMAN AVE","BEECHWOOD 9809 FLOOR A"
13,58,27,9807,"HALDEMAN AVE","BEECHWOOD FLOOR A"
12,58,27,9813,"HALDEMAN AVE","BEECHWOOD 9813 FLOOR A"
11,28,1,2454,"W OAKDALE ST",""
133,26,23,3600,"GATEWAY DR","PARK BRADFORD APTS 3600"
129,26,23,3700,"GATEWAY DR",""
78,26,23,3800,"GATEWAY DR","PARK BRADFORD APTS 3800"
14,26,23,3934,"GATEWAY DR",""
12,26,23,3942,"GATEWAY DR",""
146,58,12,441,"TOMLINSON RD","HUNTINGDON HILLS CONDOS"
18,58,31,1760,"TOMLINSON RD","TOMLINSON COURT 1760"
15,58,31,1750,"TOMLINSON RD","TOMLINSON COURT 1750"
12,58,31,1770,"TOMLINSON RD","TOMLINSON COURT 1770"
40,61,24,600,"W CHELTENHAM AVE",""
28,61,26,210,"W CHELTENHAM AVE","MELROSE PARK MANOR BLDG D"
101,59,18,401,"W WALNUT LN","WAL LANE HOUSE"
78,59,21,215,"W WALNUT LN","WALLINGTON APTS"
34,59,21,236,"W WALNUT LN",""
28,59,21,240,"W WALNUT LN",""
22,59,21,234,"W WALNUT LN",""
18,59,21,232,"W WALNUT LN",""
15,59,21,238,"W WALNUT LN",""
14,59,21,269,"W WALNUT LN",""
12,59,21,242,"W WALNUT LN",""
12,59,21,280,"W WALNUT LN",""
25,2,14,928,"E MOYAMENSING AVE",""
14,49,6,1311,"MEDARY AVE",""
14,56,6,7913,"DUNGAN RD",""
12,56,6,7905,"DUNGAN RD",""
39,30,8,2300,"NAUDAIN ST",""
28,63,10,920,"EMERSON ST","PARK CREST MANOR"
17,63,10,900,"EMERSON ST",""
32,22,4,7000,"LINCOLN DR","LINCOLN TERRACE"
23,22,2,6600,"LINCOLN DR",""
49,59,9,5915,"MAGNOLIA ST",""
34,61,21,1325,"66TH AVE","BROAD EAST APTS"
14,17,1,1400,"66TH AVE",""
56,7,18,124,"E INDIANA AVE",""
11,4,12,22,"N FRAZIER ST",""
241,58,24,2600,"SOUTHAMPTON RD","SELF HELP SOUTHAMPTON"
87,66,5,2701,"SOUTHAMPTON RD",""
12,21,7,144,"GREEN LN",""
66,17,26,1418,"CONLYN ST",""
27,45,13,2200,"E VENANGO ST",""
100,17,20,1416,"CLEARVIEW ST","SUFFOLK MANOR BLDG G"
14,17,20,1422,"CLEARVIEW ST",""
11,17,20,1418,"CLEARVIEW ST",""
11,17,20,1420,"CLEARVIEW ST",""
11,17,20,1424,"CLEARVIEW ST",""
16,12,9,5301,"BAYNTON ST",""
11,12,9,5335,"BAYNTON ST",""
34,31,8,2446,"CORAL ST",""
25,21,21,4555,"PECHIN ST",""
117,52,12,2100,"N 49TH ST",""
107,44,8,111,"N 49TH ST",""
102,21,9,1,"PARKER AVE",""
87,21,29,100,"PARKER AVE",""
22,21,29,300,"PARKER AVE",""
11,21,29,286,"PARKER AVE",""
387,5,12,200,"W WASHINGTON SQ",""
75,5,12,210,"W WASHINGTON SQ",""
12,5,5,220,"W WASHINGTON SQ",""
12,64,15,8101,"FAIRFIELD ST",""
16,8,4,331,"S SMEDLEY ST",""
11,23,6,4732,"GRISCOM ST",""
19,7,17,105,"E LEHIGH AVE",""
14,31,2,100,"E LEHIGH AVE",""
11,7,17,219,"E LEHIGH AVE",""
109,56,39,1801,"WINCHESTER AVE","PARK PLACE ONE"
41,56,39,2275,"WINCHESTER AVE","GREEN TERRACE APTS S"
23,56,39,2101,"WINCHESTER AVE","WINMONT APTS S"
23,32,6,1500,"PAGE ST",""
11,38,21,2416,"W CLEARFIELD ST",""
12,28,2,2910,"W DAUPHIN ST",""
245,66,37,10825,"E KESWICK RD",""
94,22,5,440,"W SEDGWICK ST","SEDGWICK GARDENS"
37,22,6,200,"W SEDGWICK ST","FRANKLIN VILLA"
23,22,1,540,"W SEDGWICK ST",""
14,22,1,630,"W SEDGWICK ST",""
449,5,34,901,"N PENN ST",""
16,1,17,333,"EARP ST",""
11,3,20,5818,"WHITBY AVE",""
51,9,3,7525,"DEVON ST",""
21,9,3,7306,"DEVON ST",""
14,9,3,7314,"DEVON ST",""
12,9,3,7310,"DEVON ST",""
19,21,1,3818,"TERRACE ST",""
13,21,2,3863,"TERRACE ST",""
24,65,9,4435,"KENDRICK ST",""
15,65,9,4445,"KENDRICK ST",""
20,47,6,1623,"N WILLINGTON ST",""
62,9,3,33,"E ROUMFORT RD","CANTERBURY APTS"
45,9,3,115,"E ROUMFORT RD","LEAMY HOUSE"
38,57,6,9228,"BLUE GRASS RD",""
31,57,6,9200,"BLUE GRASS RD",""
20,57,6,9215,"BLUE GRASS RD",""
19,57,6,9243,"BLUE GRASS RD",""
15,57,6,9217,"BLUE GRASS RD",""
14,57,6,9213,"BLUE GRASS RD",""
12,57,6,9201,"BLUE GRASS RD","BLUE GRASS ESTATE"
12,57,6,9205,"BLUE GRASS RD",""
11,57,6,9207,"BLUE GRASS RD",""
11,57,6,9235,"BLUE GRASS RD",""
24,28,15,2642,"W HAROLD ST",""
22,28,15,2600,"W HAROLD ST",""
46,8,3,1934,"WAVERLY ST","WAVERLY COURT 1934"
30,52,16,2217,"N 51ST ST","GAINOR APTS"
29,41,6,6320,"KEYSTONE ST","BRIDGEVIEW PLAZA"
28,65,12,7201,"KEYSTONE ST",""
23,41,6,6424,"KEYSTONE ST","KEYSTONE HOUSE"
14,41,2,5724,"KEYSTONE ST",""
16,21,13,315,"RIPKA ST",""
12,5,8,416,"S HUTCHINSON ST",""
20,56,35,9451,"CLARK ST",""
414,20,9,1940,"LIACOURAS WK","TEMPLE UNIV NEW RESIDENCE"
11,20,9,1910,"LIACOURAS WK",""
28,21,27,631,"DUPONT ST","DUPONT COURT APTS"
28,21,27,635,"DUPONT ST",""
12,17,14,1807,"WIDENER PL",""
17,35,27,751,"ADAMS AVE",""
32,50,7,1101,"E SYDNEY ST",""
22,50,7,1117,"E SYDNEY ST","WADSWORTH MANOR 1117"
12,2,26,623,"S AMERICAN ST",""
20,27,10,414,"S 44TH ST",""
14,27,10,418,"S 44TH ST",""
12,27,23,413,"S 44TH ST",""
11,27,14,223,"S 44TH ST",""
11,27,14,226,"S 44TH ST",""
163,9,16,350,"E WILLOW GROVE AVE","CHESTNUT HILL VILLAGE 350"
114,9,5,219,"E WILLOW GROVE AVE","WYNDMOOR GARDENS"
15,49,11,1300,"W ALBANUS ST",""
81,21,17,4200,"MITCHELL ST",""
41,4,2,5431,"PENNSGROVE ST",""
183,8,9,201,"S 25TH ST","LOCUST ON THE PARK"
70,8,9,210,"S 25TH ST",""
48,22,3,400,"W HORTTER ST","GERMANTOWN MANOR APTS"
32,22,2,501,"W HORTTER ST","PASTORIUS COURT"
11,22,8,332,"W HORTTER ST",""
15,2,27,1,"QUEEN ST",""
12,2,15,201,"QUEEN ST",""
11,2,15,238,"QUEEN ST",""
11,2,15,404,"QUEEN ST",""
61,27,7,600,"S 43RD ST",""
16,27,6,25,"S 43RD ST",""
14,27,6,6,"S 43RD ST",""
13,27,23,332,"S 43RD ST",""
11,27,1,121,"S 43RD ST",""
124,49,21,1320,"W SOMERVILLE AVE","YORK HOUSE N"
47,26,6,1835,"JOHNSTON ST","OREGON COURT"
11,6,9,824,"N PRESTON ST",""
21,65,17,4415,"DECATUR ST",""
19,65,17,4405,"DECATUR ST",""
12,65,17,4409,"DECATUR ST",""
14,65,7,4953,"FITLER ST",""
12,46,17,4809,"BEAUMONT AVE",""
42,13,5,333,"W ABBOTTSFORD AVE","FERNHILL COURT"
46,18,6,1247,"E COLUMBIA AVE",""
35,18,16,21,"E COLUMBIA AVE",""
15,18,5,1125,"E COLUMBIA AVE",""
12,18,4,1236,"E COLUMBIA AVE",""
53,63,14,8400,"PINE RD","MEDICAL MISSION SISTERS"
30,63,1,8049,"PINE RD","FOXCHASE GARDENS APTS"
21,63,1,8112,"PINE RD","PINE SOLLY APTS"
15,63,13,8209,"PINE RD","PINE ROAD MANOR"
15,63,14,8210,"PINE RD",""
15,63,13,8215,"PINE RD",""
39,22,12,6731,"MUSGRAVE ST","SIMONS GARDENS"
187,21,45,600,"E CATHEDRAL RD",""
49,21,43,700,"E CATHEDRAL RD","CATHEDRAL EAST APTS"
32,21,43,750,"E CATHEDRAL RD",""
168,52,5,2525,"CARDINAL AVE",""
109,52,5,2425,"CARDINAL AVE","ST JOSEPHS LA FARGE"
106,52,5,2449,"CARDINAL AVE","ST JOSEPHS SOURIN"
16,58,31,1761,"FOSTER ST","TOMLINSON COURT 1761"
14,58,31,1751,"FOSTER ST","TOMLINSON COURT 1751"
11,40,19,6401,"SAYBROOK AVE",""
41,9,12,7300,"CRESHEIM RD","CRESHEIMBROOK CONDOS"
35,22,6,6901,"CRESHEIM RD",""
35,9,13,7200,"CRESHEIM RD","CRESHEIM VALLEY APTS"
17,22,6,7057,"CRESHEIM RD",""
16,9,12,7302,"CRESHEIM RD",""
215,27,11,101,"S 39TH ST","HAMILTON COURT APTS"
33,27,21,235,"S 39TH ST",""
28,27,11,20,"S 39TH ST",""
24,27,8,307,"S 39TH ST",""
15,27,11,128,"S 39TH ST",""
14,27,11,130,"S 39TH ST",""
13,27,18,225,"S 39TH ST",""
228,52,7,4000,"PRESIDENTIAL BLV","LINCOLN GREEN 4000"
148,52,7,4040,"PRESIDENTIAL BLV","LINCOLN GREEN 4040"
37,9,12,126,"W ALLENS LN",""
30,9,12,31,"W ALLENS LN",""
25,9,12,144,"W ALLENS LN","ROSE COURT APTS"
16,9,12,19,"W ALLENS LN",""
63,10,11,1410,"72ND AVE","WILLIAM COURT APTS"
23,10,11,1411,"72ND AVE","72ND WEST"
130,22,7,6733,"EMLEN ST","EMLEN ARMS APTS"
92,22,7,6803,"EMLEN ST",""
328,21,14,4000,"GYPSY LN","GYPSY LANE APTS"
12,38,14,3655,"INDIAN QUEEN LN",""
28,22,2,520,"CARPENTER LN",""
16,22,6,101,"CARPENTER LN",""
23,7,10,600,"E LUZERNE ST",""
19,12,17,179,"W HANSBERRY ST",""
17,12,17,177,"W HANSBERRY ST",""
238,56,39,2301,"WOODWARD ST",""
114,56,39,2375,"WOODWARD ST",""
101,44,10,800,"N 48TH ST",""
61,6,6,111,"N 48TH ST",""
191,65,4,5100,"S CONVENT LN","BAKERS BAY"
16,65,4,5009,"S CONVENT LN",""
15,65,4,5023,"S CONVENT LN",""
15,65,4,5027,"S CONVENT LN",""
14,65,4,5011,"S CONVENT LN",""
14,65,4,5015,"S CONVENT LN",""
14,65,4,5025,"S CONVENT LN",""
14,65,4,5029,"S CONVENT LN",""
12,65,4,5007,"S CONVENT LN",""
12,65,4,5019,"S CONVENT LN",""
13,22,21,6529,"BELFIELD AVE",""
36,57,3,2990,"HOLME AVE","IMMACULATE MARY HOME"
27,64,7,2755,"HOLME AVE",""
24,64,7,2723,"HOLME AVE",""
142,58,31,10102,"JAMISON AVE","M & R REIDER HOUSE"
208,9,9,201,"W EVERGREEN AVE","HILL HOUSE EVERGREEN"
58,9,9,150,"W EVERGREEN AVE","COLONIAL MANOR"
38,9,9,220,"W EVERGREEN AVE","CHESTNUT HILL APTS"
13,5,24,1015,"SPRING ST",""
26,16,16,2327,"EDGLEY ST",""
24,16,16,2325,"EDGLEY ST",""
16,16,15,2219,"EDGLEY ST",""
15,16,15,2221,"EDGLEY ST",""
11,16,15,2220,"EDGLEY ST",""
52,9,14,265,"W MOUNT PLEASANT AVE",""
209,64,2,8040,"ROWLAND AVE","PARK TERRACE BLDG B"
79,59,21,243,"W TULPEHOCKEN ST","ENGLISH MANOR APTS"
38,59,22,123,"W TULPEHOCKEN ST","APARTMENTS 123"
35,59,22,121,"W TULPEHOCKEN ST",""
16,59,22,139,"W TULPEHOCKEN ST",""
17,21,4,4304,"CRESSON ST",""
17,21,6,4368,"CRESSON ST",""
11,38,20,3409,"CRESSON ST",""
14,63,14,8248,"ROCKWELL AVE",""
36,17,3,1623,"CHELTEN AVE","OAK LANE COURT APTS"
15,17,3,1625,"CHELTEN AVE",""
17,33,12,1028,"E LYCOMING ST",""
13,33,12,1008,"E LYCOMING ST",""
29,21,22,414,"FOUNTAIN ST",""
15,21,22,348,"FOUNTAIN ST",""
11,21,22,404,"FOUNTAIN ST",""
47,23,21,4649,"PAUL ST",""
13,23,23,4143,"PAUL ST",""
14,17,8,6336,"N NORWOOD ST",""
17,8,1,406,"S CROSKEY ST",""
16,8,1,408,"S CROSKEY ST",""
13,8,1,404,"S CROSKEY ST",""
52,40,11,2125,"S 70TH ST",""
33,59,20,600,"W HARVEY ST","PARK DRIVE MANOR BLDG B"
19,59,19,62,"W HARVEY ST",""
19,59,19,220,"W HARVEY ST",""
13,35,25,5716,"WEYMOUTH ST",""
32,18,6,401,"E GIRARD AVE","BROTHERHOOD MISSION"
16,18,5,512,"E GIRARD AVE",""
267,33,5,1401,"E BRISTOL ST",""
14,33,4,1312,"E BRISTOL ST","HOLY INNOCENTS CONVENT"
18,22,9,75,"W SHARPNACK ST",""
15,63,6,1006,"AFTON ST",""
11,63,6,1015,"AFTON ST",""
182,30,17,500,"ADMIRALS WAY",""
62,30,17,800,"ADMIRALS WAY",""
104,23,5,1336,"ARROTT ST","ARROTT ARMS APTS"
88,52,16,2201,"BRYN MAWR AVE",""
31,52,16,2237,"BRYN MAWR AVE","WESTFIELD APTS"
26,18,5,1050,"E MONTGOMERY AVE",""
12,18,6,1246,"E MONTGOMERY AVE",""
35,12,13,53,"E WISTER ST",""
19,12,5,549,"E WISTER ST",""
15,12,12,326,"E WISTER ST",""
14,12,5,545,"E WISTER ST",""
11,12,13,339,"E WISTER ST",""
31,31,8,1821,"E HAGERT ST",""
12,4,6,5527,"HUNTER ST",""
27,55,3,4015,"DEVEREAUX ST",""
67,57,26,2801,"WALNUT HILL ST",""
13,6,12,830,"N 45TH ST",""
12,6,12,810,"N 45TH ST",""
12,6,12,820,"N 45TH ST",""
11,6,12,840,"N 45TH ST",""
164,6,4,400,"N BUSTI ST","WEST PARK APTS 400"
154,6,4,300,"N BUSTI ST","WEST PARK APTS 300"
12,65,23,4433,"PEARSON AVE","JACKSON COURT APTS"
45,52,16,5050,"WYNNEFIELD AVE","BRYNFIELD APTS"
44,52,13,4927,"WYNNEFIELD AVE",""
32,52,16,5219,"WYNNEFIELD AVE","FAIRVIEW ARMS"
216,2,27,717,"S COLUMBUS BLV","RESIDENCES AT DOCKSIDE"
92,2,27,740,"S COLUMBUS BLV",""
14,21,7,219,"KRAMS AVE",""
53,34,29,1411,"N 76TH ST","WOODCREST GARDENS"
16,34,27,7700,"BROCKTON RD","FARRINGTON"
17,59,15,25,"E HIGH ST",""
20,21,14,320,"ROCHELLE AVE","ROCHELLE ARMS"
39,34,25,2024,"UPLAND WAY",""
21,29,1,909,"CORINTHIAN AVE",""
88,63,22,8875,"KREWSTOWN RD","KREWSTOWN PARK APTS"
71,63,22,8940,"KREWSTOWN RD","IMPERIAL MANOR BLDG 2"
46,63,22,8922,"KREWSTOWN RD","IMPERIAL MANOR BLDG 1"
46,36,28,1320,"S 32ND ST",""
11,12,9,233,"E PENN ST",""
25,39,13,2801,"S RANDOLPH ST",""
12,2,25,608,"S RANDOLPH ST",""
17,2,25,427,"MONROE ST",""
60,21,1,3750,"MAIN ST",""
57,21,4,4312,"MAIN ST",""
14,21,4,4254,"MAIN ST",""
14,21,4,4313,"MAIN ST",""
44,5,6,931,"CLINTON ST","TOWNE RESIDENCE"
26,5,6,915,"CLINTON ST",""
15,5,7,1023,"CLINTON ST",""
202,61,12,6060,"CRESCENTVILLE RD","HILLSIDE GARDENS SOUTH"
195,9,17,220,"E MERMAID LN","CHESTNUT HILL VILLAGE 220"
15,9,4,127,"E MERMAID LN",""
11,9,4,133,"E MERMAID LN",""
84,56,37,2101,"GLENDALE AVE","GLENDALE COURT"
58,56,37,2121,"GLENDALE AVE","GLENDALE ARMS APT"
37,56,2,2100,"GLENDALE AVE","GLENDALE HOUSE"
16,24,8,325,"N 39TH ST",""
15,57,1,3701,"LINDEN AVE",""
16,21,35,206,"OSBORNE ST",""
49,21,17,410,"SHURS LN",""
12,21,17,374,"SHURS LN",""
74,21,29,450,"DOMINO LN","ABBEY HOUSE APT"
51,56,28,1822,"BENTON ST",""
68,66,15,3333,"COMLY RD","VALLEY STREAM MEWS"
15,24,4,501,"N 35TH ST",""
100,58,8,10101,"NORTHEAST AVE","RED LION MANOR"
44,58,8,10103,"NORTHEAST AVE","APARTMENTS 10103"
35,58,44,9841,"NORTHEAST AVE",""
11,65,23,4308,"ARENDELL AVE",""
12,21,19,300,"MONASTERY AVE",""
20,17,18,5701,"KEMBLE AVE",""
20,12,24,5323,"NEWHALL ST",""
169,5,27,315,"NEW ST","BRIDGE VIEW PLACE"
23,5,30,122,"NEW ST",""
17,5,27,306,"NEW ST",""
13,5,30,214,"NEW ST",""
38,25,14,2771,"RUTH ST",""
226,7,10,301,"E ERIE AVE",""
82,29,2,2101,"N COLLEGE AVE","GIRARD COURT APTS"
65,58,21,13451,"PHILMONT AVE","PHILMONT HOUSE"
52,58,5,13675,"PHILMONT AVE",""
23,58,21,13555,"PHILMONT AVE","PHILMONT TERRACE APTS"
21,58,5,13651,"PHILMONT AVE","SOMERTON MANOR"
15,58,5,13661,"PHILMONT AVE",""
11,15,7,1625,"SWAIN ST",""
42,63,22,1170,"SURREY RD","IMPERIAL MANOR BLDG 3"
49,32,10,3226,"CLIFFORD ST",""
12,29,5,2419,"CLIFFORD ST",""
22,34,39,7317,"GREENHILL RD",""
89,21,39,701,"SUMMIT AVE","SUMMIT GARDEN APTS"
95,8,30,1801,"BUTTONWOOD ST","MUSEUM TOWERS"
37,5,25,1220,"BUTTONWOOD ST",""
16,5,25,1241,"BUTTONWOOD ST",""
40,58,19,9945,"NORWALK RD",""
38,58,10,1225,"NORWALK RD",""
28,58,10,1209,"NORWALK RD",""
13,58,19,1220,"NORWALK RD",""
13,21,22,366,"CINNAMINSON ST",""
32,57,3,2750,"AXE FACTORY RD","HOLME CIRCLE BLDG B"
31,57,3,2740,"AXE FACTORY RD","HOLME CIRCLE BLDG C"
28,57,3,2800,"AXE FACTORY RD","HOLME CIRCLE BLDG A"
25,65,4,5012,"N CONVENT LN",""
18,65,4,5010,"N CONVENT LN",""
18,65,4,5016,"N CONVENT LN",""
18,65,4,5022,"N CONVENT LN",""
16,65,4,5008,"N CONVENT LN",""
16,65,4,5026,"N CONVENT LN",""
13,65,4,5004,"N CONVENT LN",""
13,65,4,5006,"N CONVENT LN",""
12,65,4,5000,"N CONVENT LN",""
12,65,4,5014,"N CONVENT LN",""
12,65,4,5024,"N CONVENT LN",""
11,65,4,5018,"N CONVENT LN",""
72,56,41,9101,"OLD BUSTLETON AVE","BUSTLE TOWNE APT"
34,56,41,9199,"OLD BUSTLETON AVE",""
25,56,41,9140,"OLD BUSTLETON AVE","CEDAR GLEN 9140"
22,56,41,9200,"OLD BUSTLETON AVE","CEDAR GLEN 9200"
19,56,41,9210,"OLD BUSTLETON AVE","CEDAR GLEN 9210"
14,56,41,9130,"OLD BUSTLETON AVE",""
11,34,37,7312,"RUSKIN RD",""
51,22,6,127,"W GORGAS LN",""
29,32,21,2811,"W SEDGLEY AVE",""
14,30,16,2308,"GRAYS FERRY AVE",""
60,13,5,5008,"MCKEAN AVE","HAMPSHIRE HOUSE"
38,35,2,6810,"MARTINS MILL RD","CHELTENHAM STATION"
50,61,23,1020,"OAK LANE AVE",""
11,61,21,1305,"OAK LANE AVE",""
72,5,16,136,"N BREAD ST","THE CASTINGS APTS"
70,5,10,113,"N BREAD ST",""
29,5,10,133,"N BREAD ST",""
41,58,20,650,"EDISON AVE","MAYO NURSING CENTER"
12,58,20,603,"EDISON AVE",""
197,8,15,1414,"S PENN SQ",""
37,36,15,1712,"POINT BREEZE AVE",""
46,38,15,3640,"STANTON ST",""
25,27,8,309,"S 40TH ST",""
20,27,8,305,"S 40TH ST",""
12,27,9,318,"S 40TH ST",""
11,27,5,400,"S 40TH ST",""
61,56,39,9122,"OLD NEWTOWN RD","OLD NEWTOWN PLACE"
26,56,39,9128,"OLD NEWTOWN RD","BARRY BRUCE APTS"
17,56,39,9132,"OLD NEWTOWN RD",""
190,27,19,3335,"WOODLAND WALK",""
16,18,6,412,"MOYER ST",""
78,52,11,2805,"N 47TH ST","IROQUOIS APTS"
11,58,28,9511,"EVANS ST","EVANS COURT APTS"
49,40,50,7100,"GROVERS AVE",""
72,30,17,700,"COMMODORE COURT",""
71,30,17,600,"COMMODORE COURT",""
65,26,2,1901,"HARTRANFT ST","PACKER PARK COURT"
36,12,21,113,"W BERKLEY ST",""
43,12,13,80,"E COLLOM ST",""
28,6,8,4113,"WARREN ST",""
22,9,9,212,"W HIGHLAND AVE","HIGHLAND COURT APTS"
49,22,3,601,"W CLIVEDEN ST","CLIVEDEN HALL"
15,28,17,2601,"W STERNER ST",""
13,21,5,469,"FLAMINGO ST",""
19,5,4,337,"GASKILL ST",""
15,18,2,1100,"SHACKAMAXON ST",""
12,18,2,1227,"SHACKAMAXON ST",""
29,34,32,1315,"N 75TH ST","BROCKTON COURT"
116,63,11,300,"ERNEST WAY",""
47,63,11,200,"ERNEST WAY",""
44,12,11,5215,"SCHUYLER ST",""
32,10,11,1414,"71ST AVE",""
92,66,21,3750,"CLARENDEN RD","CLARENDEN CT APTS"
14,38,14,3426,"CONRAD ST",""
13,38,16,3343,"CONRAD ST",""
66,21,12,182,"GAY ST",""
15,9,9,8,"REX AVE","APT 3"
137,40,50,7199,"BRANT PL",""
153,6,4,4445,"HOLDEN ST","WEST PARK APTS 4445"
11,24,6,205,"N 36TH ST",""
14,18,2,165,"E ALLEN ST",""
18,63,13,8210,"ELBERON AVE",""
19,66,19,3599,"NOTTINGHAM LN",""
14,54,7,6700,"HARBISON AVE","HARBISON GARDENS"
99,12,11,519,"W KING ST","KINGS MANOR APTS"
13,12,11,536,"W KING ST","MANHEIM APTS"
17,38,1,3216,"MCMICHAEL ST",""
16,38,1,3218,"MCMICHAEL ST",""
16,38,1,3231,"MCMICHAEL ST",""
14,38,1,3224,"MCMICHAEL ST",""
13,38,1,3222,"MCMICHAEL ST",""
11,38,1,3235,"MCMICHAEL ST",""
11,38,1,3237,"MCMICHAEL ST",""
54,40,28,6100,"EASTWICK AVE",""
43,40,28,6200,"EASTWICK AVE",""
28,40,28,6250,"EASTWICK AVE",""
30,31,14,2551,"TRENTON AVE",""
15,31,14,2531,"TRENTON AVE",""
16,54,6,6519,"EVERETT ST","EVERETT COURT 6519"
15,54,6,6523,"EVERETT ST",""
84,21,4,1,"COTTON ST",""
45,8,1,415,"S VAN PELT ST",""
18,65,9,4015,"BLAKISTON ST","STRADFORD ARMS"
13,65,9,4017,"BLAKISTON ST",""
134,21,8,4601,"FLAT ROCK RD",""
44,52,8,4001,"MONUMENT RD","OVERMONT HOUSE"
33,52,9,4300,"MONUMENT RD",""
11,22,2,608,"W PHIL ELLENA ST",""
45,5,1,15,"S BANK ST",""
45,5,1,24,"S BANK ST","BANK STREET COURT"
19,5,1,19,"S BANK ST",""
38,5,33,109,"W WILDEY ST",""
11,10,5,2001,"MIDDLETON ST",""
12,40,4,5400,"BARTRAM DR",""
12,40,4,5403,"BARTRAM DR",""
11,40,4,5402,"BARTRAM DR",""
18,21,6,108,"LEVERING ST",""
89,12,7,31,"E ARMAT ST",""
14,23,23,1624,"WOMRATH ST",""
23,56,28,1841,"EVARTS ST",""
22,56,28,1801,"EVARTS ST","EMERSON WEST APTS"
22,56,28,1821,"EVARTS ST","EMERSON APTS"
65,38,9,3502,"SCOTTS LN",""
27,38,9,3510,"SCOTTS LN",""
31,5,1,33,"S LETITIA ST","WATERFRONT APTS"
21,5,1,8,"S LETITIA ST",""
17,5,1,20,"S LETITIA ST",""
16,5,1,11,"S LETITIA ST",""
13,5,1,12,"S LETITIA ST",""
101,21,45,600,"CATHEDRAL RD","CATHEDRAL VILLAGE"
40,9,5,495,"E ABINGTON AVE","CHESTNUT HILL CARE FAC"
21,21,6,171,"GRAPE ST",""
20,21,24,601,"W PARK LN","KAREN PARK APTS"
59,50,21,1000,"IVY HILL RD","LAVEROCK APTS"
16,27,5,518,"WOODLAND TER",""
42,63,1,7930,"BARNES ST","WINDSOR COURT"
14,9,8,305,"W CHESTNUT HILL AVE",""
29,5,1,6,"S STRAWBERRY ST",""
27,5,1,36,"S STRAWBERRY ST",""
18,5,1,21,"S STRAWBERRY ST",""
19,32,18,2600,"RIDGE DR",""
17,32,18,2605,"RIDGE DR",""
14,32,18,2540,"RIDGE DR",""
14,32,18,2640,"RIDGE DR",""
11,5,21,152,"W LAUREL ST",""
11,5,32,204,"W LAUREL ST",""
22,9,7,184,"BETHLEHEM PIKE","FAIRVIEW CARE CENTER"
21,38,1,3107,"BERKELEY DR",""
18,38,1,3105,"BERKELEY DR",""
16,38,1,3103,"BERKELEY DR",""
14,38,1,3111,"BERKELEY DR",""
14,38,1,3113,"BERKELEY DR",""
11,38,1,3109,"BERKELEY DR",""
15,21,35,209,"ROCK ST",""
92,8,25,300,"ALEXANDER WAY",""
22,38,1,3202,"DEFENSE TER",""
20,38,1,3201,"DEFENSE TER",""
19,38,1,3204,"DEFENSE TER",""
15,38,1,3200,"DEFENSE TER",""
15,38,1,3203,"DEFENSE TER",""
14,5,21,938,"NEW MARKET ST",""
39,9,7,8708,"PROSPECT AVE",""
17,40,30,8000,"LYONS AVE",""
25,12,5,525,"E ARMSTRONG ST",""
24,2,16,327,"KAUFFMAN ST",""
15,57,9,2700,"NORTHVIEW ST",""
64,30,17,500,"REGATTA DR",""
15,40,4,5600,"HARLEY DR",""
12,40,4,5604,"HARLEY DR",""
11,40,4,5605,"HARLEY DR",""
14,21,29,493,"HARMON RD",""
12,15,10,1834,"VINEYARD ST",""
11,40,4,5401,"EASTWICK TER",""
11,40,4,5403,"EASTWICK TER",""
78,30,17,1,"ACADEMY CIR","ACADEMY CIRCLE"
11,65,11,4543,"ENFIELD AVE",""
37,5,26,209,"CUTHBERT ST",""
12,5,26,126,"CUTHBERT ST",""
21,32,28,2600,"GLENWOOD DR",""
20,32,28,2620,"GLENWOOD DR",""
20,32,28,2660,"GLENWOOD DR",""
13,32,28,2640,"GLENWOOD DR",""
16,11,8,3007,"FOX ST",""
70,52,9,4101,"EDGLEY AVE","MONUMENT VILLAGE"
12,40,4,5411,"HARLEY TER",""
11,40,4,5408,"HARLEY TER",""
24,65,11,4424,"WINGATE ST",""
11,65,11,4430,"WINGATE ST",""
19,5,10,117,"QUARRY ST",""
19,5,10,124,"QUARRY ST",""
65,18,10,1601,"PALMER ST",""
12,12,16,2,"S ASHMEAD PL",""
15,9,7,8900,"NORWOOD AVE","ASSUMPTION HALL"
58,27,19,3461,"CIVIC CENTER BLV",""
13,40,4,5604,"GIBSON DR",""
11,40,4,5602,"GIBSON DR",""
11,14,10,732,"MELON TER",""
11,14,10,737,"MELON TER",""
19,38,1,3200,"AUTHORITY TER",""
18,38,1,3204,"AUTHORITY TER",""
14,38,1,3202,"AUTHORITY TER",""
14,40,4,2709,"54TH DR",""
11,40,4,2711,"54TH DR",""
19,38,19,3405,"CAPITAL VIEW DR",""
51,63,11,300,"TYLER CT",""
21,21,35,214,"E SALAIGNAC ST","HENDRIDGE APTS 214"
18,21,35,218,"E SALAIGNAC ST",""
11,21,35,204,"E SALAIGNAC ST",""
40,12,5,1,"PENN BLV","WILLOW TERRACE"
48,5,34,800,"DELAWARE AVE",""
17,56,35,2061,"MICHENER ST","GRANT GARDENS 2061"
14,5,4,514,"RANDOLPH CT",""
13,5,4,518,"RANDOLPH CT",""
12,32,28,2530,"NORRIS DR",""
12,32,28,2630,"NORRIS DR",""
11,40,4,2710,"55TH DR",""
14,5,14,1214,"WAVERLY WK",""
13,40,4,2707,"RUBY TER",""
32,26,20,2401,"PENROSE AVE","CATCH PENROSE"
11,14,11,535,"WENDLE CT",""
31,29,4,1515,"HEMBERGER WAY","BLUMBERG 1515"
24,5,2,321,"WILLINGS ALY",""
26,40,30,3002,"MARIO LANZA BLV","INGLIS GARDENS"
11,56,31,1900,"NESTER PL",""
15,39,29,730,"STELLA MARIS ST","STELLA MARIS APTS"
26,29,7,1516,"JUDSON WAY","BLUMBERG 1516"
11,14,11,535,"MARSHALL CT",""
11,32,28,2620,"NORRIS CT",""
17,12,9,39,"E SCHOOL HOUSE LN",""
12,5,27,310,"YORK AVE",""
12,63,21,108,"ALMATT PL",""
14,29,7,2340,"BOLTON WAY","BLUMBERG 2340"
15,29,1,2101,"S COLLEGE AVE",""
18,27,18,3901,"LOCUST ST WK","U OF P HRN"
14,40,4,2701,"YEWDALL TER",""
12,40,4,2706,"PEACH TER",""
